#BUFF	role	level	damageMult	pDefMult	mDefMult   (full buffer party, see tools/combat_sim/build_buff_factors.py)
BUFF	tank	1	1.0000	1.0000	1.0000
BUFF	tank	2	1.0000	1.0000	1.0000
BUFF	tank	3	1.0000	1.0000	1.0000
BUFF	tank	4	1.0000	1.0000	1.0000
BUFF	tank	5	1.0000	1.0000	1.0000
BUFF	tank	6	1.0000	1.0000	1.0000
BUFF	tank	7	1.0779	1.0800	1.0000
BUFF	tank	8	1.0779	1.0800	1.0000
BUFF	tank	9	1.0779	1.0800	1.0000
BUFF	tank	10	1.0769	1.0800	1.0000
BUFF	tank	11	1.0769	1.0800	1.0000
BUFF	tank	12	1.0770	1.0800	1.0000
BUFF	tank	13	1.0770	1.0800	1.0000
BUFF	tank	14	1.0770	1.0800	1.0000
BUFF	tank	15	1.0761	1.0800	1.0000
BUFF	tank	16	1.0762	1.0800	1.0000
BUFF	tank	17	1.0762	1.0800	1.0000
BUFF	tank	18	1.0762	1.0800	1.0000
BUFF	tank	19	1.0763	1.0800	1.0000
BUFF	tank	20	1.1151	1.0800	1.1500
BUFF	tank	21	1.1152	1.0800	1.1500
BUFF	tank	22	1.1152	1.0800	1.1500
BUFF	tank	23	1.1153	1.0800	1.1500
BUFF	tank	24	1.1140	1.0800	1.1500
BUFF	tank	25	1.1141	1.1200	1.1500
BUFF	tank	26	1.1141	1.1200	1.1500
BUFF	tank	27	1.1142	1.1200	1.1500
BUFF	tank	28	1.1126	1.1200	1.1500
BUFF	tank	29	1.1127	1.1200	1.1500
BUFF	tank	30	1.1127	1.1200	1.1500
BUFF	tank	31	1.1128	1.1200	1.1500
BUFF	tank	32	1.1109	1.1200	1.1500
BUFF	tank	33	1.1110	1.1200	1.1500
BUFF	tank	34	1.1110	1.1200	1.1500
BUFF	tank	35	1.2211	1.0925	1.0350
BUFF	tank	36	1.2179	1.0925	1.0350
BUFF	tank	37	1.2180	1.0925	1.0350
BUFF	tank	38	1.2181	1.0925	1.0350
BUFF	tank	39	1.2182	1.0925	1.0350
BUFF	tank	40	1.2531	1.0925	1.4391
BUFF	tank	41	1.2532	1.0925	1.4391
BUFF	tank	42	1.2533	1.0925	1.4391
BUFF	tank	43	1.2510	1.0925	1.4391
BUFF	tank	44	1.4388	1.0925	1.4391
BUFF	tank	45	1.4389	1.0925	1.4391
BUFF	tank	46	1.4361	1.0925	1.4391
BUFF	tank	47	1.4362	1.0925	1.4391
BUFF	tank	48	1.4363	1.0925	1.4391
BUFF	tank	49	1.4332	1.0925	1.4391
BUFF	tank	50	1.4334	1.0925	1.4391
BUFF	tank	51	1.4336	1.0925	1.4391
BUFF	tank	52	1.7553	1.0580	1.4196
BUFF	tank	53	1.7554	1.0580	1.4196
BUFF	tank	54	1.7556	1.0580	1.4196
BUFF	tank	55	1.7521	1.3225	1.4196
BUFF	tank	56	1.7523	1.3225	1.4196
BUFF	tank	57	1.7525	1.3225	1.4196
BUFF	tank	58	1.8129	1.3886	1.4196
BUFF	tank	59	1.8132	1.3886	1.4196
BUFF	tank	60	1.8102	1.3886	1.4196
BUFF	tank	61	1.8177	1.3886	1.4196
BUFF	tank	62	1.8152	1.3886	1.4196
BUFF	tank	63	1.8155	1.3886	1.4196
BUFF	tank	64	1.8129	1.3886	1.4196
BUFF	tank	65	1.8132	1.3886	1.4196
BUFF	tank	66	1.8585	1.4548	1.4196
BUFF	tank	67	1.8588	1.4548	1.4196
BUFF	tank	68	1.8560	1.4548	1.4196
BUFF	tank	69	1.8563	1.4548	1.4196
BUFF	tank	70	1.8536	1.4548	1.4196
BUFF	tank	71	1.8539	1.4548	1.4196
BUFF	tank	72	1.8513	1.4548	1.4196
BUFF	tank	73	1.8516	1.4548	1.4196
BUFF	tank	74	1.8957	1.5209	1.4196
BUFF	tank	75	1.8961	1.5209	1.4196
BUFF	tank	76	2.4310	1.5209	1.4196
BUFF	tank	77	2.4316	1.5209	1.4196
BUFF	tank	78	3.1887	1.8251	1.7035
BUFF	tank	79	3.1895	1.8251	1.7035
BUFF	tank	80	3.1903	1.8251	1.7035
BUFF	tank	81	3.1911	1.8251	1.7035
BUFF	tank	82	3.1918	1.8251	1.7035
BUFF	tank	83	3.1926	1.8251	1.7035
BUFF	tank	84	3.1933	1.8251	1.7035
BUFF	tank	85	3.1940	1.8251	1.7035
BUFF	melee	1	1.0000	1.0000	1.0000
BUFF	melee	2	1.0000	1.0000	1.0000
BUFF	melee	3	1.0000	1.0000	1.0000
BUFF	melee	4	1.0000	1.0000	1.0000
BUFF	melee	5	1.0000	1.0000	1.0000
BUFF	melee	6	1.0000	1.0000	1.0000
BUFF	melee	7	1.0779	1.0800	1.0000
BUFF	melee	8	1.0779	1.0800	1.0000
BUFF	melee	9	1.0779	1.0800	1.0000
BUFF	melee	10	1.0769	1.0800	1.0000
BUFF	melee	11	1.0769	1.0800	1.0000
BUFF	melee	12	1.0770	1.0800	1.0000
BUFF	melee	13	1.0770	1.0800	1.0000
BUFF	melee	14	1.0770	1.0800	1.0000
BUFF	melee	15	1.0761	1.0800	1.0000
BUFF	melee	16	1.0762	1.0800	1.0000
BUFF	melee	17	1.0762	1.0800	1.0000
BUFF	melee	18	1.0762	1.0800	1.0000
BUFF	melee	19	1.0763	1.0800	1.0000
BUFF	melee	20	1.1127	1.0800	1.1500
BUFF	melee	21	1.1127	1.0800	1.1500
BUFF	melee	22	1.1128	1.0800	1.1500
BUFF	melee	23	1.1129	1.0800	1.1500
BUFF	melee	24	1.1108	1.0800	1.1500
BUFF	melee	25	1.1108	1.1200	1.1500
BUFF	melee	26	1.1109	1.1200	1.1500
BUFF	melee	27	1.1110	1.1200	1.1500
BUFF	melee	28	1.1086	1.1200	1.1500
BUFF	melee	29	1.1087	1.1200	1.1500
BUFF	melee	30	1.1088	1.1200	1.1500
BUFF	melee	31	1.1089	1.1200	1.1500
BUFF	melee	32	1.1060	1.1200	1.1500
BUFF	melee	33	1.1061	1.1200	1.1500
BUFF	melee	34	1.1062	1.1200	1.1500
BUFF	melee	35	1.2137	1.0925	1.0350
BUFF	melee	36	1.2088	1.0925	1.0350
BUFF	melee	37	1.2090	1.0925	1.0350
BUFF	melee	38	1.2092	1.0925	1.0350
BUFF	melee	39	1.2093	1.0925	1.0350
BUFF	melee	40	1.2475	1.0925	1.4391
BUFF	melee	41	1.2476	1.0925	1.4391
BUFF	melee	42	1.2478	1.0925	1.4391
BUFF	melee	43	1.2446	1.0925	1.4391
BUFF	melee	44	1.4315	1.0925	1.4391
BUFF	melee	45	1.4316	1.0925	1.4391
BUFF	melee	46	1.4277	1.0925	1.4391
BUFF	melee	47	1.4279	1.0925	1.4391
BUFF	melee	48	1.4281	1.0925	1.4391
BUFF	melee	49	1.4241	1.0925	1.4391
BUFF	melee	50	1.4243	1.0925	1.4391
BUFF	melee	51	1.4245	1.0925	1.4391
BUFF	melee	52	1.7391	1.0580	1.4196
BUFF	melee	53	1.7394	1.0580	1.4196
BUFF	melee	54	1.7396	1.0580	1.4196
BUFF	melee	55	1.7343	1.3225	1.4196
BUFF	melee	56	1.7346	1.3225	1.4196
BUFF	melee	57	1.7349	1.3225	1.4196
BUFF	melee	58	1.7895	1.3886	1.4196
BUFF	melee	59	1.7899	1.3886	1.4196
BUFF	melee	60	1.7856	1.3886	1.4196
BUFF	melee	61	1.7965	1.3886	1.4196
BUFF	melee	62	1.7928	1.3886	1.4196
BUFF	melee	63	1.7931	1.3886	1.4196
BUFF	melee	64	1.7894	1.3886	1.4196
BUFF	melee	65	1.7898	1.3886	1.4196
BUFF	melee	66	1.8309	1.4548	1.4196
BUFF	melee	67	1.8313	1.4548	1.4196
BUFF	melee	68	1.8272	1.4548	1.4196
BUFF	melee	69	1.8277	1.4548	1.4196
BUFF	melee	70	1.8237	1.4548	1.4196
BUFF	melee	71	1.8242	1.4548	1.4196
BUFF	melee	72	1.8204	1.4548	1.4196
BUFF	melee	73	1.8208	1.4548	1.4196
BUFF	melee	74	1.8604	1.5209	1.4196
BUFF	melee	75	1.8609	1.5209	1.4196
BUFF	melee	76	2.3783	1.5209	1.4196
BUFF	melee	77	2.3791	1.5209	1.4196
BUFF	melee	78	3.0044	1.8251	1.7035
BUFF	melee	79	3.0059	1.8251	1.7035
BUFF	melee	80	3.0073	1.8251	1.7035
BUFF	melee	81	3.0088	1.8251	1.7035
BUFF	melee	82	3.0103	1.8251	1.7035
BUFF	melee	83	3.0117	1.8251	1.7035
BUFF	melee	84	3.0131	1.8251	1.7035
BUFF	melee	85	3.0146	1.8251	1.7035
BUFF	bow	1	1.0000	1.0000	1.0000
BUFF	bow	2	1.0000	1.0000	1.0000
BUFF	bow	3	1.0000	1.0000	1.0000
BUFF	bow	4	1.0000	1.0000	1.0000
BUFF	bow	5	1.0000	1.0000	1.0000
BUFF	bow	6	1.0000	1.0000	1.0000
BUFF	bow	7	1.0780	1.0800	1.0000
BUFF	bow	8	1.0781	1.0800	1.0000
BUFF	bow	9	1.0781	1.0800	1.0000
BUFF	bow	10	1.0772	1.0800	1.0000
BUFF	bow	11	1.0772	1.0800	1.0000
BUFF	bow	12	1.0772	1.0800	1.0000
BUFF	bow	13	1.0773	1.0800	1.0000
BUFF	bow	14	1.0773	1.0800	1.0000
BUFF	bow	15	1.0765	1.0800	1.0000
BUFF	bow	16	1.0765	1.0800	1.0000
BUFF	bow	17	1.0765	1.0800	1.0000
BUFF	bow	18	1.0766	1.0800	1.0000
BUFF	bow	19	1.0766	1.0800	1.0000
BUFF	bow	20	1.1075	1.0800	1.1500
BUFF	bow	21	1.1076	1.0800	1.1500
BUFF	bow	22	1.1077	1.0800	1.1500
BUFF	bow	23	1.1078	1.0800	1.1500
BUFF	bow	24	1.1042	1.0800	1.1500
BUFF	bow	25	1.1043	1.1200	1.1500
BUFF	bow	26	1.1044	1.1200	1.1500
BUFF	bow	27	1.1046	1.1200	1.1500
BUFF	bow	28	1.1004	1.1200	1.1500
BUFF	bow	29	1.1006	1.1200	1.1500
BUFF	bow	30	1.1007	1.1200	1.1500
BUFF	bow	31	1.1008	1.1200	1.1500
BUFF	bow	32	1.0962	1.1200	1.1500
BUFF	bow	33	1.0964	1.1200	1.1500
BUFF	bow	34	1.0965	1.1200	1.1500
BUFF	bow	35	1.1989	1.0925	1.0350
BUFF	bow	36	1.1911	1.0925	1.0350
BUFF	bow	37	1.1913	1.0925	1.0350
BUFF	bow	38	1.1916	1.0925	1.0350
BUFF	bow	39	1.1918	1.0925	1.0350
BUFF	bow	40	1.2185	1.0925	1.4391
BUFF	bow	41	1.2188	1.0925	1.4391
BUFF	bow	42	1.2191	1.0925	1.4391
BUFF	bow	43	1.2125	1.0925	1.4391
BUFF	bow	44	1.3947	1.0925	1.4391
BUFF	bow	45	1.3951	1.0925	1.4391
BUFF	bow	46	1.3873	1.0925	1.4391
BUFF	bow	47	1.3877	1.0925	1.4391
BUFF	bow	48	1.3881	1.0925	1.4391
BUFF	bow	49	1.3803	1.0925	1.4391
BUFF	bow	50	1.3807	1.0925	1.4391
BUFF	bow	51	1.3811	1.0925	1.4391
BUFF	bow	52	1.6716	1.0580	1.4196
BUFF	bow	53	1.6721	1.0580	1.4196
BUFF	bow	54	1.6727	1.0580	1.4196
BUFF	bow	55	1.6623	1.3225	1.4196
BUFF	bow	56	1.6629	1.3225	1.4196
BUFF	bow	57	1.6634	1.3225	1.4196
BUFF	bow	58	1.6979	1.3886	1.4196
BUFF	bow	59	1.6986	1.3886	1.4196
BUFF	bow	60	1.6911	1.3886	1.4196
BUFF	bow	61	1.7324	1.3886	1.4196
BUFF	bow	62	1.7260	1.3886	1.4196
BUFF	bow	63	1.7266	1.3886	1.4196
BUFF	bow	64	1.7203	1.3886	1.4196
BUFF	bow	65	1.7209	1.3886	1.4196
BUFF	bow	66	1.7505	1.4548	1.4196
BUFF	bow	67	1.7512	1.4548	1.4196
BUFF	bow	68	1.7447	1.4548	1.4196
BUFF	bow	69	1.7453	1.4548	1.4196
BUFF	bow	70	1.7391	1.4548	1.4196
BUFF	bow	71	1.7398	1.4548	1.4196
BUFF	bow	72	1.7339	1.4548	1.4196
BUFF	bow	73	1.7346	1.4548	1.4196
BUFF	bow	74	1.7622	1.5209	1.4196
BUFF	bow	75	1.7630	1.5209	1.4196
BUFF	bow	76	2.2008	1.5209	1.4196
BUFF	bow	77	2.2020	1.5209	1.4196
BUFF	bow	78	2.7625	1.8251	1.7035
BUFF	bow	79	2.7645	1.8251	1.7035
BUFF	bow	80	2.7664	1.8251	1.7035
BUFF	bow	81	2.7684	1.8251	1.7035
BUFF	bow	82	2.7703	1.8251	1.7035
BUFF	bow	83	2.7722	1.8251	1.7035
BUFF	bow	84	2.7741	1.8251	1.7035
BUFF	bow	85	2.7760	1.8251	1.7035
BUFF	mage	1	1.0000	1.0000	1.0000
BUFF	mage	2	1.0000	1.0000	1.0000
BUFF	mage	3	1.0000	1.0000	1.0000
BUFF	mage	4	1.0000	1.0000	1.0000
BUFF	mage	5	1.0000	1.0000	1.0000
BUFF	mage	6	1.0000	1.0000	1.0000
BUFF	mage	7	1.0000	1.0800	1.0000
BUFF	mage	8	1.0000	1.0800	1.0000
BUFF	mage	9	1.0000	1.0800	1.0000
BUFF	mage	10	1.0000	1.0800	1.0000
BUFF	mage	11	1.0000	1.0800	1.0000
BUFF	mage	12	1.0000	1.0800	1.0000
BUFF	mage	13	1.0000	1.0800	1.0000
BUFF	mage	14	1.0000	1.0800	1.0000
BUFF	mage	15	1.0000	1.0800	1.0000
BUFF	mage	16	1.0000	1.0800	1.0000
BUFF	mage	17	1.0000	1.0800	1.0000
BUFF	mage	18	1.0000	1.0800	1.0000
BUFF	mage	19	1.0000	1.0800	1.0000
BUFF	mage	20	1.1500	1.0800	1.1500
BUFF	mage	21	1.1500	1.0800	1.1500
BUFF	mage	22	1.1500	1.0800	1.1500
BUFF	mage	23	1.1500	1.0800	1.1500
BUFF	mage	24	1.1500	1.0800	1.1500
BUFF	mage	25	1.4188	1.1200	1.1500
BUFF	mage	26	1.4190	1.1200	1.1500
BUFF	mage	27	1.4192	1.1200	1.1500
BUFF	mage	28	1.4194	1.1200	1.1500
BUFF	mage	29	1.4196	1.1200	1.1500
BUFF	mage	30	1.4149	1.1200	1.1500
BUFF	mage	31	1.4152	1.1200	1.1500
BUFF	mage	32	1.4154	1.1200	1.1500
BUFF	mage	33	1.4157	1.1200	1.1500
BUFF	mage	34	1.4159	1.1200	1.1500
BUFF	mage	35	1.6572	1.0925	1.0350
BUFF	mage	36	1.6576	1.0925	1.0350
BUFF	mage	37	1.6580	1.0925	1.0350
BUFF	mage	38	1.6585	1.0925	1.0350
BUFF	mage	39	1.6589	1.0925	1.0350
BUFF	mage	40	1.6662	1.0925	1.4391
BUFF	mage	41	1.6665	1.0925	1.4391
BUFF	mage	42	1.6668	1.0925	1.4391
BUFF	mage	43	1.6671	1.0925	1.4391
BUFF	mage	44	1.7134	1.0925	1.4391
BUFF	mage	45	1.7138	1.0925	1.4391
BUFF	mage	46	1.7141	1.0925	1.4391
BUFF	mage	47	1.7145	1.0925	1.4391
BUFF	mage	48	1.8065	1.0925	1.4391
BUFF	mage	49	1.8069	1.0925	1.4391
BUFF	mage	50	1.8073	1.0925	1.4391
BUFF	mage	51	1.8077	1.0925	1.4391
BUFF	mage	52	1.9554	1.0580	1.4196
BUFF	mage	53	1.9560	1.0580	1.4196
BUFF	mage	54	1.9565	1.0580	1.4196
BUFF	mage	55	1.9571	1.3225	1.4196
BUFF	mage	56	1.9496	1.3225	1.4196
BUFF	mage	57	1.9503	1.3225	1.4196
BUFF	mage	58	1.9468	1.3886	1.4196
BUFF	mage	59	1.9475	1.3886	1.4196
BUFF	mage	60	1.9441	1.3886	1.4196
BUFF	mage	61	1.9540	1.3886	1.4196
BUFF	mage	62	1.9511	1.3886	1.4196
BUFF	mage	63	1.9516	1.3886	1.4196
BUFF	mage	64	1.9487	1.3886	1.4196
BUFF	mage	65	1.9494	1.3886	1.4196
BUFF	mage	66	1.9466	1.4548	1.4196
BUFF	mage	67	1.9472	1.4548	1.4196
BUFF	mage	68	1.9444	1.4548	1.4196
BUFF	mage	69	1.9451	1.4548	1.4196
BUFF	mage	70	1.9424	1.4548	1.4196
BUFF	mage	71	1.9431	1.4548	1.4196
BUFF	mage	72	1.9406	1.4548	1.4196
BUFF	mage	73	1.9413	1.4548	1.4196
BUFF	mage	74	1.9389	1.5209	1.4196
BUFF	mage	75	1.9396	1.5209	1.4196
BUFF	mage	76	2.7709	1.5209	1.4196
BUFF	mage	77	2.7717	1.5209	1.4196
BUFF	mage	78	3.6359	1.8251	1.7035
BUFF	mage	79	3.6371	1.8251	1.7035
BUFF	mage	80	3.6383	1.8251	1.7035
BUFF	mage	81	3.6394	1.8251	1.7035
BUFF	mage	82	3.6406	1.8251	1.7035
BUFF	mage	83	3.6417	1.8251	1.7035
BUFF	mage	84	3.6428	1.8251	1.7035
BUFF	mage	85	3.6439	1.8251	1.7035
