#BBUFF	buffer	level	runAdd	sitRegen	absorb	hp   (Hierophant / Doom Cryer extras, see build_buffer_extras.py)
BBUFF	hierophant	26	20.0	1.0000	0.0000	1.0000
BBUFF	hierophant	27	20.0	1.0000	0.0000	1.0000
BBUFF	hierophant	28	20.0	1.0000	0.0000	1.0000
BBUFF	hierophant	29	20.0	1.0000	0.0000	1.0000
BBUFF	hierophant	30	33.0	1.0000	0.0000	1.0000
BBUFF	hierophant	31	33.0	1.0000	0.0000	1.0000
BBUFF	hierophant	32	33.0	1.0000	0.0000	1.0000
BBUFF	hierophant	33	33.0	1.0000	0.0000	1.0000
BBUFF	hierophant	34	33.0	1.0000	0.0000	1.0000
BBUFF	hierophant	35	38.0	1.1000	0.0000	1.0000
BBUFF	hierophant	36	38.0	1.1000	0.0000	1.0000
BBUFF	hierophant	37	38.0	1.1000	0.0000	1.0000
BBUFF	hierophant	38	38.0	1.1000	0.0000	1.0000
BBUFF	hierophant	39	38.0	1.1000	0.0000	1.0000
BBUFF	hierophant	40	38.0	1.1000	0.0000	1.0000
BBUFF	hierophant	41	38.0	1.1000	0.0000	1.0000
BBUFF	hierophant	42	38.0	1.1000	0.0000	1.0000
BBUFF	hierophant	43	38.0	1.1000	0.0000	1.0000
BBUFF	hierophant	44	38.0	1.1000	0.0000	1.1000
BBUFF	hierophant	45	38.0	1.1000	0.0000	1.1000
BBUFF	hierophant	46	38.0	1.1000	0.0000	1.1000
BBUFF	hierophant	47	38.0	1.1000	0.0000	1.1000
BBUFF	hierophant	48	38.0	1.1500	0.0000	1.1500
BBUFF	hierophant	49	38.0	1.1500	0.0000	1.1500
BBUFF	hierophant	50	38.0	1.1500	0.0000	1.1500
BBUFF	hierophant	51	38.0	1.1500	0.0000	1.1500
BBUFF	hierophant	52	41.0	1.1500	0.0000	1.2000
BBUFF	hierophant	53	41.0	1.1500	0.0000	1.2000
BBUFF	hierophant	54	41.0	1.1500	0.0000	1.2000
BBUFF	hierophant	55	41.0	1.1500	0.0000	1.2000
BBUFF	hierophant	56	41.0	1.2000	0.0000	1.2500
BBUFF	hierophant	57	41.0	1.2000	0.0000	1.2500
BBUFF	hierophant	58	41.0	1.2000	0.0000	1.2500
BBUFF	hierophant	59	41.0	1.2000	0.0000	1.2500
BBUFF	hierophant	60	41.0	1.2000	0.0000	1.2500
BBUFF	hierophant	61	41.0	1.2000	0.0000	1.2500
BBUFF	hierophant	62	41.0	1.2000	0.0000	1.2500
BBUFF	hierophant	63	41.0	1.2000	0.0000	1.2500
BBUFF	hierophant	64	41.0	1.2000	0.0000	1.3000
BBUFF	hierophant	65	41.0	1.2000	0.0000	1.3000
BBUFF	hierophant	66	41.0	1.2000	0.0000	1.3000
BBUFF	hierophant	67	41.0	1.2000	0.0000	1.3000
BBUFF	hierophant	68	41.0	1.2000	0.0000	1.3000
BBUFF	hierophant	69	41.0	1.2000	0.0000	1.3000
BBUFF	hierophant	70	41.0	1.2000	0.0000	1.3000
BBUFF	hierophant	71	41.0	1.2000	0.0000	1.3000
BBUFF	hierophant	72	41.0	1.2000	0.0000	1.3500
BBUFF	hierophant	73	41.0	1.2000	0.0000	1.3500
BBUFF	hierophant	74	41.0	1.2000	0.0000	1.3500
BBUFF	hierophant	75	41.0	1.2000	0.0000	1.3500
BBUFF	hierophant	76	41.0	1.2000	0.0000	1.3500
BBUFF	hierophant	77	41.0	1.2000	0.0000	1.3500
BBUFF	hierophant	78	41.0	1.4400	0.0000	1.6200
BBUFF	hierophant	79	41.0	1.4400	0.0000	1.6200
BBUFF	hierophant	80	41.0	1.4400	0.0000	1.6200
BBUFF	hierophant	81	41.0	1.4400	0.0000	1.6200
BBUFF	hierophant	82	41.0	1.4400	0.0000	1.6200
BBUFF	hierophant	83	41.0	1.4400	0.0000	1.6200
BBUFF	hierophant	84	41.0	1.4400	0.0000	1.6200
BBUFF	hierophant	85	41.0	1.4400	0.0000	1.6200
BBUFF	doom_cryer	26	0.0	1.0000	0.0000	1.0000
BBUFF	doom_cryer	27	0.0	1.0000	0.0000	1.0000
BBUFF	doom_cryer	28	0.0	1.0000	0.0000	1.0000
BBUFF	doom_cryer	29	0.0	1.0000	0.0000	1.0000
BBUFF	doom_cryer	30	0.0	1.0000	0.0000	1.0000
BBUFF	doom_cryer	31	0.0	1.0000	0.0000	1.0000
BBUFF	doom_cryer	32	0.0	1.0000	0.0000	1.0000
BBUFF	doom_cryer	33	0.0	1.0000	0.0000	1.0000
BBUFF	doom_cryer	34	0.0	1.0000	0.0000	1.0000
BBUFF	doom_cryer	35	0.0	1.0000	0.0000	1.0000
BBUFF	doom_cryer	36	0.0	1.0000	0.0000	1.0000
BBUFF	doom_cryer	37	0.0	1.0000	0.0000	1.0000
BBUFF	doom_cryer	38	0.0	1.0000	0.0000	1.0000
BBUFF	doom_cryer	39	0.0	1.0000	0.0000	1.0000
BBUFF	doom_cryer	40	0.0	1.0000	0.0000	1.0000
BBUFF	doom_cryer	41	0.0	1.0000	0.0000	1.0000
BBUFF	doom_cryer	42	0.0	1.0000	0.0000	1.0000
BBUFF	doom_cryer	43	0.0	1.0000	0.0000	1.0000
BBUFF	doom_cryer	44	0.0	1.0000	0.0600	1.0000
BBUFF	doom_cryer	45	0.0	1.0000	0.0600	1.0000
BBUFF	doom_cryer	46	0.0	1.0000	0.0600	1.0000
BBUFF	doom_cryer	47	0.0	1.0000	0.0600	1.0000
BBUFF	doom_cryer	48	0.0	1.0000	0.0600	1.0000
BBUFF	doom_cryer	49	0.0	1.0000	0.0600	1.0000
BBUFF	doom_cryer	50	0.0	1.0000	0.0600	1.0000
BBUFF	doom_cryer	51	0.0	1.0000	0.0600	1.0000
BBUFF	doom_cryer	52	0.0	1.0000	0.0600	1.0000
BBUFF	doom_cryer	53	0.0	1.0000	0.0600	1.0000
BBUFF	doom_cryer	54	0.0	1.0000	0.0600	1.0000
BBUFF	doom_cryer	55	0.0	1.0000	0.0600	1.0000
BBUFF	doom_cryer	56	0.0	1.0000	0.0600	1.0000
BBUFF	doom_cryer	57	0.0	1.0000	0.0600	1.0000
BBUFF	doom_cryer	58	0.0	1.0000	0.0700	1.0000
BBUFF	doom_cryer	59	0.0	1.0000	0.0700	1.0000
BBUFF	doom_cryer	60	0.0	1.0000	0.0700	1.0000
BBUFF	doom_cryer	61	0.0	1.0000	0.0700	1.0000
BBUFF	doom_cryer	62	0.0	1.0000	0.0700	1.0000
BBUFF	doom_cryer	63	0.0	1.0000	0.0700	1.0000
BBUFF	doom_cryer	64	0.0	1.0000	0.0700	1.0000
BBUFF	doom_cryer	65	0.0	1.0000	0.0700	1.0000
BBUFF	doom_cryer	66	0.0	1.0000	0.0800	1.0000
BBUFF	doom_cryer	67	0.0	1.0000	0.0800	1.0000
BBUFF	doom_cryer	68	0.0	1.0000	0.0800	1.0000
BBUFF	doom_cryer	69	0.0	1.0000	0.0800	1.0000
BBUFF	doom_cryer	70	0.0	1.0000	0.0800	1.0000
BBUFF	doom_cryer	71	0.0	1.0000	0.0800	1.0000
BBUFF	doom_cryer	72	0.0	1.0000	0.0800	1.0000
BBUFF	doom_cryer	73	0.0	1.0000	0.0800	1.0000
BBUFF	doom_cryer	74	0.0	1.0000	0.0900	1.0000
BBUFF	doom_cryer	75	0.0	1.0000	0.0900	1.0000
BBUFF	doom_cryer	76	0.0	1.0000	0.0900	1.0000
BBUFF	doom_cryer	77	0.0	1.0000	0.0900	1.0000
BBUFF	doom_cryer	78	0.0	1.0000	0.0900	1.2000
BBUFF	doom_cryer	79	0.0	1.0000	0.0900	1.2000
BBUFF	doom_cryer	80	0.0	1.0000	0.0900	1.2000
BBUFF	doom_cryer	81	0.0	1.0000	0.0900	1.2000
BBUFF	doom_cryer	82	0.0	1.0000	0.0900	1.2000
BBUFF	doom_cryer	83	0.0	1.0000	0.0900	1.2000
BBUFF	doom_cryer	84	0.0	1.0000	0.0900	1.2000
BBUFF	doom_cryer	85	0.0	1.0000	0.0900	1.2000
