level,M.Atk BLUNT 1H,M.Atk BLUNT 2H,M.Atk BOW 2H,M.Atk DAGGER 1H,M.Atk DUAL 2H,M.Atk DUALFIST 2H,M.Atk POLE 2H,M.Atk SWORD 1H,M.Atk SWORD 2H,M.Atk magic BLUNT 1H,M.Atk magic BLUNT 2H,M.Atk magic DAGGER 1H,M.Atk magic SWORD 1H,M.Def heavy,M.Def jewelry (5 pieces),M.Def light,M.Def robe,P.Atk BLUNT 1H,P.Atk BLUNT 2H,P.Atk BOW 2H,P.Atk DAGGER 1H,P.Atk DUAL 2H,P.Atk DUALFIST 2H,P.Atk POLE 2H,P.Atk SWORD 1H,P.Atk SWORD 2H,P.Atk magic BLUNT 1H,P.Atk magic BLUNT 2H,P.Atk magic DAGGER 1H,P.Atk magic SWORD 1H,P.Def heavy,P.Def heavy +shield,P.Def light,P.Def light +shield,P.Def robe,P.Def robe +shield,monster P.Def,monster M.Def,boss P.Def,boss M.Def
1,21.0,,21.0,21.0,,21.0,21.0,21.0,21.0,13.0,31.0,,,98.0,98.0,98.0,98.0,31.0,,64.0,27.0,,38.0,31.0,31.0,38.0,11.0,30.0,,,80,170.0,116.5,208.5,91.0,181.0,46,31,,
2,21.0,,21.0,21.0,,21.0,21.0,21.0,21.0,13.0,31.0,,,98.0,98.0,98.0,98.0,31.0,,64.0,27.0,,38.0,31.0,31.0,38.0,11.0,30.0,,,80,170.0,116.5,208.5,91.0,181.0,47,31,,
3,21.0,,21.0,21.0,,21.0,21.0,21.0,21.0,13.0,31.0,,,98.0,98.0,98.0,98.0,31.0,,64.0,27.0,,38.0,31.0,31.0,38.0,11.0,30.0,,,80,170.0,116.5,208.5,91.0,181.0,48,32,,
4,21.0,,21.0,21.0,,21.0,21.0,21.0,21.0,13.0,31.0,,,98.0,98.0,98.0,98.0,31.0,,64.0,27.0,,38.0,31.0,31.0,38.0,11.0,30.0,,,80,170.0,116.5,208.5,91.0,181.0,50,33,,
5,21.0,,21.0,21.0,,21.0,21.0,21.0,21.0,13.0,31.0,,,98.0,98.0,98.0,98.0,31.0,,64.0,27.0,,38.0,31.0,31.0,38.0,11.0,30.0,,,80,170.0,116.5,208.5,91.0,181.0,52,34,,
6,21.0,,21.0,21.0,,21.0,21.0,21.0,21.0,13.0,31.0,,,98.0,98.0,98.0,98.0,31.0,,64.0,27.0,,38.0,31.0,31.0,38.0,11.0,30.0,,,80,170.0,116.5,208.5,91.0,181.0,54,36,,
7,21.0,,21.0,21.0,,21.0,21.0,21.0,21.0,13.0,31.0,,,98.0,98.0,98.0,98.0,31.0,,64.0,27.0,,38.0,31.0,31.0,38.0,11.0,30.0,,,80,170.0,116.5,208.5,91.0,181.0,56,38,,
8,21.0,,21.0,21.0,,21.0,21.0,21.0,21.0,13.0,31.0,,,98.0,98.0,98.0,98.0,31.0,,64.0,27.0,,38.0,31.0,31.0,38.0,11.0,30.0,,,80,170.0,116.5,208.5,91.0,181.0,59,39,,
9,21.0,,21.0,21.0,,21.0,21.0,21.0,21.0,13.0,31.0,,,98.0,98.0,98.0,98.0,31.0,,64.0,27.0,,38.0,31.0,31.0,38.0,11.0,30.0,,,80,170.0,116.5,208.5,91.0,181.0,60,40,,
10,21.0,,21.0,21.0,,21.0,21.0,21.0,21.0,13.0,31.0,,,98.0,98.0,98.0,98.0,31.0,,64.0,27.0,,38.0,31.0,31.0,38.0,11.0,30.0,,,80,170.0,116.5,208.5,91.0,181.0,62,42,,
11,21.0,,21.0,21.0,,21.0,21.0,21.0,21.0,13.0,31.0,,,98.0,98.0,98.0,98.0,31.0,,64.0,27.0,,38.0,31.0,31.0,38.0,11.0,30.0,,,80,170.0,116.5,208.5,91.0,181.0,64,43,,
12,21.0,,21.0,21.0,,21.0,21.0,21.0,21.0,13.0,31.0,,,98.0,98.0,98.0,98.0,31.0,,64.0,27.0,,38.0,31.0,31.0,38.0,11.0,30.0,,,80,170.0,116.5,208.5,91.0,181.0,67,45,,
13,21.0,,21.0,21.0,,21.0,21.0,21.0,21.0,13.0,31.0,,,98.0,98.0,98.0,98.0,31.0,,64.0,27.0,,38.0,31.0,31.0,38.0,11.0,30.0,,,80,170.0,116.5,208.5,91.0,181.0,70,46,,
14,21.0,,21.0,21.0,,21.0,21.0,21.0,21.0,13.0,31.0,,,98.0,98.0,98.0,98.0,31.0,,64.0,27.0,,38.0,31.0,31.0,38.0,11.0,30.0,,,80,170.0,116.5,208.5,91.0,181.0,72,48,,
15,21.0,,21.0,21.0,,21.0,21.0,21.0,21.0,13.0,31.0,,,98.0,98.0,98.0,98.0,31.0,,64.0,27.0,,38.0,31.0,31.0,38.0,11.0,30.0,,,80,170.0,116.5,208.5,91.0,181.0,74,49,261,127
16,21.0,,21.0,21.0,,21.0,21.0,21.0,21.0,13.0,31.0,,,98.0,98.0,98.0,98.0,31.0,,64.0,27.0,,38.0,31.0,31.0,38.0,11.0,30.0,,,80,170.0,116.5,208.5,91.0,181.0,76,51,266,130
17,21.0,,21.0,21.0,,21.0,21.0,21.0,21.0,13.0,31.0,,,98.0,98.0,98.0,98.0,31.0,,64.0,27.0,,38.0,31.0,31.0,38.0,11.0,30.0,,,80,170.0,116.5,208.5,91.0,181.0,79,52,266,130
18,21.0,,21.0,21.0,,21.0,21.0,21.0,21.0,13.0,31.0,,,98.0,98.0,98.0,98.0,31.0,,64.0,27.0,,38.0,31.0,31.0,38.0,11.0,30.0,,,80,170.0,116.5,208.5,91.0,181.0,81,54,272,133
19,21.0,,21.0,21.0,,21.0,21.0,21.0,21.0,13.0,31.0,,,98.0,98.0,98.0,98.0,31.0,,64.0,27.0,,38.0,31.0,31.0,38.0,11.0,30.0,,,80,170.0,116.5,208.5,91.0,181.0,84,56,276,135
20,54.0,47.0,54.0,54.0,51.0,54.0,54.0,54.0,54.0,72.0,79.0,52.0,63.0,168.0,168.0,168.0,168.0,92.0,96.0,191.0,80.0,107.0,112.0,92.0,92.0,112.0,74.0,90.0,45.0,63.0,238.4,400.1,176.0,330.0,134.0,288.0,87,58,287,140
21,54.0,47.0,54.0,54.0,51.0,54.0,54.0,54.0,54.0,72.0,79.0,52.0,63.0,168.0,168.0,168.0,168.0,92.0,96.0,191.0,80.0,107.0,112.0,92.0,92.0,112.0,74.0,90.0,45.0,63.0,238.4,400.1,176.0,330.0,134.0,288.0,90,60,290,141
22,54.0,47.0,54.0,54.0,51.0,54.0,54.0,54.0,54.0,72.0,79.0,52.0,63.0,168.0,168.0,168.0,168.0,92.0,96.0,191.0,80.0,107.0,112.0,92.0,92.0,112.0,74.0,90.0,45.0,63.0,238.4,400.1,176.0,330.0,134.0,288.0,93,62,290,141
23,54.0,47.0,54.0,54.0,51.0,54.0,54.0,54.0,54.0,72.0,79.0,52.0,63.0,168.0,168.0,168.0,168.0,92.0,96.0,191.0,80.0,107.0,112.0,92.0,92.0,112.0,74.0,90.0,45.0,63.0,238.4,400.1,176.0,330.0,134.0,288.0,96,64,295,144
24,54.0,47.0,54.0,54.0,51.0,54.0,54.0,54.0,54.0,72.0,79.0,52.0,63.0,168.0,168.0,168.0,168.0,92.0,96.0,191.0,80.0,107.0,112.0,92.0,92.0,112.0,74.0,90.0,45.0,63.0,238.4,400.1,176.0,330.0,134.0,288.0,99,66,302,147
25,54.0,47.0,54.0,54.0,51.0,54.0,54.0,54.0,54.0,72.0,79.0,52.0,63.0,168.0,168.0,168.0,168.0,92.0,96.0,191.0,80.0,107.0,112.0,92.0,92.0,112.0,74.0,90.0,45.0,63.0,238.4,400.1,176.0,330.0,134.0,288.0,102,68,322,157
26,54.0,47.0,54.0,54.0,51.0,54.0,54.0,54.0,54.0,72.0,79.0,52.0,63.0,168.0,168.0,168.0,168.0,92.0,96.0,191.0,80.0,107.0,112.0,92.0,92.0,112.0,74.0,90.0,45.0,63.0,238.4,400.1,176.0,330.0,134.0,288.0,105,70,322,157
27,54.0,47.0,54.0,54.0,51.0,54.0,54.0,54.0,54.0,72.0,79.0,52.0,63.0,168.0,168.0,168.0,168.0,92.0,96.0,191.0,80.0,107.0,112.0,92.0,92.0,112.0,74.0,90.0,45.0,63.0,238.4,400.1,176.0,330.0,134.0,288.0,109,73,331,162
28,54.0,47.0,54.0,54.0,51.0,54.0,54.0,54.0,54.0,72.0,79.0,52.0,63.0,168.0,168.0,168.0,168.0,92.0,96.0,191.0,80.0,107.0,112.0,92.0,92.0,112.0,74.0,90.0,45.0,63.0,238.4,400.1,176.0,330.0,134.0,288.0,112,75,341,166
29,54.0,47.0,54.0,54.0,51.0,54.0,54.0,54.0,54.0,72.0,79.0,52.0,63.0,168.0,168.0,168.0,168.0,92.0,96.0,191.0,80.0,107.0,112.0,92.0,92.0,112.0,74.0,90.0,45.0,63.0,238.4,400.1,176.0,330.0,134.0,288.0,115,77,363,177
30,54.0,47.0,54.0,54.0,51.0,54.0,54.0,54.0,54.0,72.0,79.0,52.0,63.0,168.0,168.0,168.0,168.0,92.0,96.0,191.0,80.0,107.0,112.0,92.0,92.0,112.0,74.0,90.0,45.0,63.0,238.4,400.1,176.0,330.0,134.0,288.0,118,80,382,186
31,54.0,47.0,54.0,54.0,51.0,54.0,54.0,54.0,54.0,72.0,79.0,52.0,63.0,168.0,168.0,168.0,168.0,92.0,96.0,191.0,80.0,107.0,112.0,92.0,92.0,112.0,74.0,90.0,45.0,63.0,238.4,400.1,176.0,330.0,134.0,288.0,121,82,384,187
32,54.0,47.0,54.0,54.0,51.0,54.0,54.0,54.0,54.0,72.0,79.0,52.0,63.0,168.0,168.0,168.0,168.0,92.0,96.0,191.0,80.0,107.0,112.0,92.0,92.0,112.0,74.0,90.0,45.0,63.0,238.4,400.1,176.0,330.0,134.0,288.0,125,84,391,191
33,54.0,47.0,54.0,54.0,51.0,54.0,54.0,54.0,54.0,72.0,79.0,52.0,63.0,168.0,168.0,168.0,168.0,92.0,96.0,191.0,80.0,107.0,112.0,92.0,92.0,112.0,74.0,90.0,45.0,63.0,238.4,400.1,176.0,330.0,134.0,288.0,131,87,397,194
34,54.0,47.0,54.0,54.0,51.0,54.0,54.0,54.0,54.0,72.0,79.0,52.0,63.0,168.0,168.0,168.0,168.0,92.0,96.0,191.0,80.0,107.0,112.0,92.0,92.0,112.0,74.0,90.0,45.0,63.0,238.4,400.1,176.0,330.0,134.0,288.0,134,89,413,201
35,54.0,47.0,54.0,54.0,51.0,54.0,54.0,54.0,54.0,72.0,79.0,52.0,63.0,168.0,168.0,168.0,168.0,92.0,96.0,191.0,80.0,107.0,112.0,92.0,92.0,112.0,74.0,90.0,45.0,63.0,238.4,400.1,176.0,330.0,134.0,288.0,141,93,450,209
36,54.0,47.0,54.0,54.0,51.0,54.0,54.0,54.0,54.0,72.0,79.0,52.0,63.0,168.0,168.0,168.0,168.0,92.0,96.0,191.0,80.0,107.0,112.0,92.0,92.0,112.0,74.0,90.0,45.0,63.0,238.4,400.1,176.0,330.0,134.0,288.0,144,95,454,211
37,54.0,47.0,54.0,54.0,51.0,54.0,54.0,54.0,54.0,72.0,79.0,52.0,63.0,168.0,168.0,168.0,168.0,92.0,96.0,191.0,80.0,107.0,112.0,92.0,92.0,112.0,74.0,90.0,45.0,63.0,238.4,400.1,176.0,330.0,134.0,288.0,148,97,461,214
38,54.0,47.0,54.0,54.0,51.0,54.0,54.0,54.0,54.0,72.0,79.0,52.0,63.0,168.0,168.0,168.0,168.0,92.0,96.0,191.0,80.0,107.0,112.0,92.0,92.0,112.0,74.0,90.0,45.0,63.0,238.4,400.1,176.0,330.0,134.0,288.0,154,101,471,218
39,54.0,47.0,54.0,54.0,51.0,54.0,54.0,54.0,54.0,72.0,79.0,52.0,63.0,168.0,168.0,168.0,168.0,92.0,96.0,191.0,80.0,107.0,112.0,92.0,92.0,112.0,74.0,90.0,45.0,63.0,238.4,400.1,176.0,330.0,134.0,288.0,158,104,503,231
40,83.0,83.0,83.0,83.0,83.0,83.0,83.0,83.0,83.0,111.0,122.0,91.0,111.0,224.0,224.0,224.0,224.0,156.0,190.0,323.0,136.0,190.0,190.0,156.0,156.0,190.0,125.0,152.0,86.0,125.0,316.0,519.0,245.3,458.9,191.6,405.3,156,106,515,240
41,83.0,83.0,83.0,83.0,83.0,83.0,83.0,83.0,83.0,111.0,122.0,91.0,111.0,224.0,224.0,224.0,224.0,156.0,190.0,323.0,136.0,190.0,190.0,156.0,156.0,190.0,125.0,152.0,86.0,125.0,316.0,519.0,245.3,458.9,191.6,405.3,161,109,518,241
42,83.0,83.0,83.0,83.0,83.0,83.0,83.0,83.0,83.0,111.0,122.0,91.0,111.0,224.0,224.0,224.0,224.0,156.0,190.0,323.0,136.0,190.0,190.0,156.0,156.0,190.0,125.0,152.0,86.0,125.0,316.0,519.0,245.3,458.9,191.6,405.3,165,112,528,245
43,83.0,83.0,83.0,83.0,83.0,83.0,83.0,83.0,83.0,111.0,122.0,91.0,111.0,224.0,224.0,224.0,224.0,156.0,190.0,323.0,136.0,190.0,190.0,156.0,156.0,190.0,125.0,152.0,86.0,125.0,316.0,519.0,245.3,458.9,191.6,405.3,171,116,536,250
44,83.0,83.0,83.0,83.0,83.0,83.0,83.0,83.0,83.0,111.0,122.0,91.0,111.0,224.0,224.0,224.0,224.0,156.0,190.0,323.0,136.0,190.0,190.0,156.0,156.0,190.0,125.0,152.0,86.0,125.0,316.0,519.0,245.3,458.9,191.6,405.3,175,118,541,264
45,83.0,83.0,83.0,83.0,83.0,83.0,83.0,83.0,83.0,111.0,122.0,91.0,111.0,224.0,224.0,224.0,224.0,156.0,190.0,323.0,136.0,190.0,190.0,156.0,156.0,190.0,125.0,152.0,86.0,125.0,316.0,519.0,245.3,458.9,191.6,405.3,181,121,618,272
46,83.0,83.0,83.0,83.0,83.0,83.0,83.0,83.0,83.0,111.0,122.0,91.0,111.0,224.0,224.0,224.0,224.0,156.0,190.0,323.0,136.0,190.0,190.0,156.0,156.0,190.0,125.0,152.0,86.0,125.0,316.0,519.0,245.3,458.9,191.6,405.3,189,125,621,274
47,83.0,83.0,83.0,83.0,83.0,83.0,83.0,83.0,83.0,111.0,122.0,91.0,111.0,224.0,224.0,224.0,224.0,156.0,190.0,323.0,136.0,190.0,190.0,156.0,156.0,190.0,125.0,152.0,86.0,125.0,316.0,519.0,245.3,458.9,191.6,405.3,196,128,628,279
48,83.0,83.0,83.0,83.0,83.0,83.0,83.0,83.0,83.0,111.0,122.0,91.0,111.0,224.0,224.0,224.0,224.0,156.0,190.0,323.0,136.0,190.0,190.0,156.0,156.0,190.0,125.0,152.0,86.0,125.0,316.0,519.0,245.3,458.9,191.6,405.3,201,132,646,286
49,83.0,83.0,83.0,83.0,83.0,83.0,83.0,83.0,83.0,111.0,122.0,91.0,111.0,224.0,224.0,224.0,224.0,156.0,190.0,323.0,136.0,190.0,190.0,156.0,156.0,190.0,125.0,152.0,86.0,125.0,316.0,519.0,245.3,458.9,191.6,405.3,205,135,679,295
50,83.0,83.0,83.0,83.0,83.0,83.0,83.0,83.0,83.0,111.0,122.0,91.0,111.0,224.0,224.0,224.0,224.0,156.0,190.0,323.0,136.0,190.0,190.0,156.0,156.0,190.0,125.0,152.0,86.0,125.0,316.0,519.0,245.3,458.9,191.6,405.3,208,138,677,304
51,83.0,83.0,83.0,83.0,83.0,83.0,83.0,83.0,83.0,111.0,122.0,91.0,111.0,224.0,224.0,224.0,224.0,156.0,190.0,323.0,136.0,190.0,190.0,156.0,156.0,190.0,125.0,152.0,86.0,125.0,316.0,519.0,245.3,458.9,191.6,405.3,208,140,683,308
52,99.0,99.0,99.0,99.0,99.0,99.0,99.0,99.0,99.0,132.0,145.0,122.0,132.0,276.0,276.0,276.0,276.0,194.0,236.0,400.0,170.0,236.0,236.0,194.0,194.0,236.0,155.0,189.0,122.0,155.0,428.0,666.3,378.9,621.0,293.0,531.6,209,143,693,311
53,99.0,99.0,99.0,99.0,99.0,99.0,99.0,99.0,99.0,132.0,145.0,122.0,132.0,276.0,276.0,276.0,276.0,194.0,236.0,400.0,170.0,236.0,236.0,194.0,194.0,236.0,155.0,189.0,122.0,155.0,428.0,666.3,378.9,621.0,293.0,531.6,214,146,703,315
54,99.0,99.0,99.0,99.0,99.0,99.0,99.0,99.0,99.0,132.0,145.0,122.0,132.0,276.0,276.0,276.0,276.0,194.0,236.0,400.0,170.0,236.0,236.0,194.0,194.0,236.0,155.0,189.0,122.0,155.0,428.0,666.3,378.9,621.0,293.0,531.6,218,149,711,327
55,99.0,99.0,99.0,99.0,99.0,99.0,99.0,99.0,99.0,132.0,145.0,122.0,132.0,276.0,276.0,276.0,276.0,194.0,236.0,400.0,170.0,236.0,236.0,194.0,194.0,236.0,155.0,189.0,122.0,155.0,428.0,666.3,378.9,621.0,293.0,531.6,223,151,791,354
56,99.0,99.0,99.0,99.0,99.0,99.0,99.0,99.0,99.0,132.0,145.0,122.0,132.0,276.0,276.0,276.0,276.0,194.0,236.0,400.0,170.0,236.0,236.0,194.0,194.0,236.0,155.0,189.0,122.0,155.0,428.0,666.3,378.9,621.0,293.0,531.6,227,153,809,360
57,99.0,99.0,99.0,99.0,99.0,99.0,99.0,99.0,99.0,132.0,145.0,122.0,132.0,276.0,276.0,276.0,276.0,194.0,236.0,400.0,170.0,236.0,236.0,194.0,194.0,236.0,155.0,189.0,122.0,155.0,428.0,666.3,378.9,621.0,293.0,531.6,232,157,824,364
58,99.0,99.0,99.0,99.0,99.0,99.0,99.0,99.0,99.0,132.0,145.0,122.0,132.0,276.0,276.0,276.0,276.0,194.0,236.0,400.0,170.0,236.0,236.0,194.0,194.0,236.0,155.0,189.0,122.0,155.0,428.0,666.3,378.9,621.0,293.0,531.6,240,160,829,366
59,99.0,99.0,99.0,99.0,99.0,99.0,99.0,99.0,99.0,132.0,145.0,122.0,132.0,276.0,276.0,276.0,276.0,194.0,236.0,400.0,170.0,236.0,236.0,194.0,194.0,236.0,155.0,189.0,122.0,155.0,428.0,666.3,378.9,621.0,293.0,531.6,244,163,910,387
60,99.0,99.0,99.0,99.0,99.0,99.0,99.0,99.0,99.0,132.0,145.0,122.0,132.0,276.0,276.0,276.0,276.0,194.0,236.0,400.0,170.0,236.0,236.0,194.0,194.0,236.0,155.0,189.0,122.0,155.0,428.0,666.3,378.9,621.0,293.0,531.6,248,165,906,394
61,121.0,121.0,133.0,121.0,121.0,121.0,121.0,121.0,121.0,161.0,167.0,122.0,161.0,333.0,333.0,346.3,333.0,251.0,305.0,570.0,220.0,305.0,305.0,251.0,251.0,305.0,202.0,226.0,122.0,202.0,468.0,724.0,395.0,651.0,328.3,604.8,254,169,908,397
62,121.0,121.0,133.0,121.0,121.0,121.0,121.0,121.0,121.0,161.0,167.0,122.0,161.0,333.0,333.0,346.3,333.0,251.0,305.0,570.0,220.0,305.0,305.0,251.0,251.0,305.0,202.0,226.0,122.0,202.0,468.0,724.0,395.0,651.0,328.3,604.8,258,172,921,401
63,121.0,121.0,133.0,121.0,121.0,121.0,121.0,121.0,121.0,161.0,167.0,122.0,161.0,333.0,333.0,346.3,333.0,251.0,305.0,570.0,220.0,305.0,305.0,251.0,251.0,305.0,202.0,226.0,122.0,202.0,468.0,724.0,395.0,651.0,328.3,604.8,263,175,898,411
64,121.0,121.0,133.0,121.0,121.0,121.0,121.0,121.0,121.0,161.0,167.0,122.0,161.0,333.0,333.0,346.3,333.0,251.0,305.0,570.0,220.0,305.0,305.0,251.0,251.0,305.0,202.0,226.0,122.0,202.0,468.0,724.0,395.0,651.0,328.3,604.8,267,179,822,401
65,121.0,121.0,133.0,121.0,121.0,121.0,121.0,121.0,121.0,161.0,167.0,122.0,161.0,333.0,333.0,346.3,333.0,251.0,305.0,570.0,220.0,305.0,305.0,251.0,251.0,305.0,202.0,226.0,122.0,202.0,468.0,724.0,395.0,651.0,328.3,604.8,271,182,851,415
66,121.0,121.0,133.0,121.0,121.0,121.0,121.0,121.0,121.0,161.0,167.0,122.0,161.0,333.0,333.0,346.3,333.0,251.0,305.0,570.0,220.0,305.0,305.0,251.0,251.0,305.0,202.0,226.0,122.0,202.0,468.0,724.0,395.0,651.0,328.3,604.8,277,188,858,419
67,121.0,121.0,133.0,121.0,121.0,121.0,121.0,121.0,121.0,161.0,167.0,122.0,161.0,333.0,333.0,346.3,333.0,251.0,305.0,570.0,220.0,305.0,305.0,251.0,251.0,305.0,202.0,226.0,122.0,202.0,468.0,724.0,395.0,651.0,328.3,604.8,282,192,865,422
68,121.0,121.0,133.0,121.0,121.0,121.0,121.0,121.0,121.0,161.0,167.0,122.0,161.0,333.0,333.0,346.3,333.0,251.0,305.0,570.0,220.0,305.0,305.0,251.0,251.0,305.0,202.0,226.0,122.0,202.0,468.0,724.0,395.0,651.0,328.3,604.8,287,197,872,425
69,121.0,121.0,133.0,121.0,121.0,121.0,121.0,121.0,121.0,161.0,167.0,122.0,161.0,333.0,333.0,346.3,333.0,251.0,305.0,570.0,220.0,305.0,305.0,251.0,251.0,305.0,202.0,226.0,122.0,202.0,468.0,724.0,395.0,651.0,328.3,604.8,291,200,894,436
70,121.0,121.0,133.0,121.0,121.0,121.0,121.0,121.0,121.0,161.0,167.0,122.0,161.0,333.0,333.0,346.3,333.0,251.0,305.0,570.0,220.0,305.0,305.0,251.0,251.0,305.0,202.0,226.0,122.0,202.0,468.0,724.0,395.0,651.0,328.3,604.8,296,203,1039,501
71,121.0,121.0,133.0,121.0,121.0,121.0,121.0,121.0,121.0,161.0,167.0,122.0,161.0,333.0,333.0,346.3,333.0,251.0,305.0,570.0,220.0,305.0,305.0,251.0,251.0,305.0,202.0,226.0,122.0,202.0,468.0,724.0,395.0,651.0,328.3,604.8,301,206,1041,502
72,121.0,121.0,133.0,121.0,121.0,121.0,121.0,121.0,121.0,161.0,167.0,122.0,161.0,333.0,333.0,346.3,333.0,251.0,305.0,570.0,220.0,305.0,305.0,251.0,251.0,305.0,202.0,226.0,122.0,202.0,468.0,724.0,395.0,651.0,328.3,604.8,305,210,1046,505
73,121.0,121.0,133.0,121.0,121.0,121.0,121.0,121.0,121.0,161.0,167.0,122.0,161.0,333.0,333.0,346.3,333.0,251.0,305.0,570.0,220.0,305.0,305.0,251.0,251.0,305.0,202.0,226.0,122.0,202.0,468.0,724.0,395.0,651.0,328.3,604.8,311,212,1049,507
74,121.0,121.0,133.0,121.0,121.0,121.0,121.0,121.0,121.0,161.0,167.0,122.0,161.0,333.0,333.0,346.3,333.0,251.0,305.0,570.0,220.0,305.0,305.0,251.0,251.0,305.0,202.0,226.0,122.0,202.0,468.0,724.0,395.0,651.0,328.3,604.8,314,214,1339,560
75,121.0,121.0,133.0,121.0,121.0,121.0,121.0,121.0,121.0,161.0,167.0,122.0,161.0,333.0,333.0,346.3,333.0,251.0,305.0,570.0,220.0,305.0,305.0,251.0,251.0,305.0,202.0,226.0,122.0,202.0,468.0,724.0,395.0,651.0,328.3,604.8,319,218,1318,558
76,132.0,132.0,133.0,132.0,132.0,132.0,132.0,132.0,132.0,175.0,193.0,122.0,161.0,333.0,333.0,346.3,333.0,281.0,342.0,581.0,246.0,342.0,342.0,281.0,281.0,342.0,225.0,274.0,122.0,202.0,572.4,885.6,446.0,736.0,363.0,653.0,323,221,1399,567
77,132.0,132.0,133.0,132.0,132.0,132.0,132.0,132.0,132.0,175.0,193.0,122.0,161.0,333.0,333.0,346.3,333.0,281.0,342.0,581.0,246.0,342.0,342.0,281.0,281.0,342.0,225.0,274.0,122.0,202.0,572.4,885.6,446.0,736.0,363.0,653.0,328,224,1472,572
78,132.0,132.0,133.0,132.0,132.0,132.0,132.0,132.0,132.0,175.0,193.0,122.0,161.0,333.0,333.0,346.3,333.0,281.0,342.0,581.0,246.0,342.0,342.0,281.0,281.0,342.0,225.0,274.0,122.0,202.0,572.4,885.6,446.0,736.0,363.0,653.0,351,245,1573,581
79,132.0,132.0,133.0,132.0,132.0,132.0,132.0,132.0,132.0,175.0,193.0,122.0,161.0,333.0,333.0,346.3,333.0,281.0,342.0,581.0,246.0,342.0,342.0,281.0,281.0,342.0,225.0,274.0,122.0,202.0,572.4,885.6,446.0,736.0,363.0,653.0,352,247,1659,545
80,132.0,132.0,133.0,132.0,132.0,132.0,132.0,132.0,132.0,175.0,193.0,122.0,161.0,333.0,333.0,346.3,333.0,281.0,342.0,581.0,246.0,342.0,342.0,281.0,281.0,342.0,225.0,274.0,122.0,202.0,572.4,885.6,446.0,736.0,363.0,653.0,355,249,1889,704
81,132.0,132.0,133.0,132.0,132.0,132.0,132.0,132.0,132.0,175.0,193.0,122.0,161.0,333.0,333.0,346.3,333.0,281.0,342.0,581.0,246.0,342.0,342.0,281.0,281.0,342.0,225.0,274.0,122.0,202.0,572.4,885.6,446.0,736.0,363.0,653.0,357,251,1863,699
82,132.0,132.0,133.0,132.0,132.0,132.0,132.0,132.0,132.0,175.0,193.0,122.0,161.0,333.0,333.0,346.3,333.0,281.0,342.0,581.0,246.0,342.0,342.0,281.0,281.0,342.0,225.0,274.0,122.0,202.0,572.4,885.6,446.0,736.0,363.0,653.0,360,252,1847,716
83,132.0,132.0,133.0,132.0,132.0,132.0,132.0,132.0,132.0,175.0,193.0,122.0,161.0,333.0,333.0,346.3,333.0,281.0,342.0,581.0,246.0,342.0,342.0,281.0,281.0,342.0,225.0,274.0,122.0,202.0,572.4,885.6,446.0,736.0,363.0,653.0,363,240,1716,717
84,132.0,132.0,133.0,132.0,132.0,132.0,132.0,132.0,132.0,175.0,193.0,122.0,161.0,333.0,333.0,346.3,333.0,281.0,342.0,581.0,246.0,342.0,342.0,281.0,281.0,342.0,225.0,274.0,122.0,202.0,572.4,885.6,446.0,736.0,363.0,653.0,367,242,1873,767
85,132.0,132.0,133.0,132.0,132.0,132.0,132.0,132.0,132.0,175.0,193.0,122.0,161.0,333.0,333.0,346.3,333.0,281.0,342.0,581.0,246.0,342.0,342.0,281.0,281.0,342.0,225.0,274.0,122.0,202.0,572.4,885.6,446.0,736.0,363.0,653.0,375,249,1943,885
