line,grade,weapon_name,weapon_type,hands,p_atk,m_atk,p_atk_spd,crit,shot,armor_p_def,armor_m_def,notes
Titan,NG,,,,,,,,,,,
Titan,D,,,,,,,,,,,
Titan,C,,,,,,,,,,,
Titan,B,,,,,,,,,,,
Titan,A,,,,,,,,,,,
Titan,S,,,,,,,,,,,
Dreadnought,NG,,,,,,,,,,,
Dreadnought,D,,,,,,,,,,,
Dreadnought,C,,,,,,,,,,,
Dreadnought,B,,,,,,,,,,,
Dreadnought,A,,,,,,,,,,,
Dreadnought,S,,,,,,,,,,,
Fortune Seeker,NG,,,,,,,,,,,
Fortune Seeker,D,,,,,,,,,,,
Fortune Seeker,C,,,,,,,,,,,
Fortune Seeker,B,,,,,,,,,,,
Fortune Seeker,A,,,,,,,,,,,
Fortune Seeker,S,,,,,,,,,,,
Maestro,NG,,,,,,,,,,,
Maestro,D,,,,,,,,,,,
Maestro,C,,,,,,,,,,,
Maestro,B,,,,,,,,,,,
Maestro,A,,,,,,,,,,,
Maestro,S,,,,,,,,,,,
Sagittarius,NG,,,,,,,,,,,
Sagittarius,D,,,,,,,,,,,
Sagittarius,C,,,,,,,,,,,
Sagittarius,B,,,,,,,,,,,
Sagittarius,A,,,,,,,,,,,
Sagittarius,S,,,,,,,,,,,
Moonlight Sentinel,NG,,,,,,,,,,,
Moonlight Sentinel,D,,,,,,,,,,,
Moonlight Sentinel,C,,,,,,,,,,,
Moonlight Sentinel,B,,,,,,,,,,,
Moonlight Sentinel,A,,,,,,,,,,,
Moonlight Sentinel,S,,,,,,,,,,,
