#NBUFF	role	level	damage	pDef	mDef   (Newbie Helper buffs, levels 8-25; see build_newbie_buffs.py)
NBUFF	TANK	8	1.0000	1.0000	1.0000
NBUFF	TANK	9	1.0000	1.0000	1.0000
NBUFF	TANK	10	1.0000	1.0000	1.0000
NBUFF	TANK	11	1.0000	1.1500	1.0000
NBUFF	TANK	12	1.0000	1.1500	1.0000
NBUFF	TANK	13	1.0000	1.1500	1.0000
NBUFF	TANK	14	1.0000	1.1500	1.0000
NBUFF	TANK	15	1.1500	1.1500	1.0000
NBUFF	TANK	16	1.1500	1.1500	1.0000
NBUFF	TANK	17	1.1500	1.1500	1.0000
NBUFF	TANK	18	1.1500	1.1500	1.0000
NBUFF	TANK	19	1.1500	1.1500	1.0000
NBUFF	TANK	20	1.0000	1.1500	1.0000
NBUFF	TANK	21	1.0000	1.1500	1.0000
NBUFF	TANK	22	1.0000	1.1500	1.0000
NBUFF	TANK	23	1.0000	1.1500	1.0000
NBUFF	TANK	24	1.0000	1.0000	1.0000
NBUFF	TANK	25	1.0000	1.0000	1.0000
NBUFF	MELEE	8	1.0000	1.0000	1.0000
NBUFF	MELEE	9	1.0000	1.0000	1.0000
NBUFF	MELEE	10	1.0000	1.0000	1.0000
NBUFF	MELEE	11	1.0000	1.1500	1.0000
NBUFF	MELEE	12	1.0000	1.1500	1.0000
NBUFF	MELEE	13	1.0000	1.1500	1.0000
NBUFF	MELEE	14	1.0000	1.1500	1.0000
NBUFF	MELEE	15	1.1500	1.1500	1.0000
NBUFF	MELEE	16	1.1500	1.1500	1.0000
NBUFF	MELEE	17	1.1500	1.1500	1.0000
NBUFF	MELEE	18	1.1500	1.1500	1.0000
NBUFF	MELEE	19	1.1500	1.1500	1.0000
NBUFF	MELEE	20	1.0000	1.1500	1.0000
NBUFF	MELEE	21	1.0000	1.1500	1.0000
NBUFF	MELEE	22	1.0000	1.1500	1.0000
NBUFF	MELEE	23	1.0000	1.1500	1.0000
NBUFF	MELEE	24	1.0000	1.0000	1.0000
NBUFF	MELEE	25	1.0000	1.0000	1.0000
NBUFF	BOW	8	1.0000	1.0000	1.0000
NBUFF	BOW	9	1.0000	1.0000	1.0000
NBUFF	BOW	10	1.0000	1.0000	1.0000
NBUFF	BOW	11	1.0000	1.1500	1.0000
NBUFF	BOW	12	1.0000	1.1500	1.0000
NBUFF	BOW	13	1.0000	1.1500	1.0000
NBUFF	BOW	14	1.0000	1.1500	1.0000
NBUFF	BOW	15	1.1500	1.1500	1.0000
NBUFF	BOW	16	1.1500	1.1500	1.0000
NBUFF	BOW	17	1.1500	1.1500	1.0000
NBUFF	BOW	18	1.1500	1.1500	1.0000
NBUFF	BOW	19	1.1500	1.1500	1.0000
NBUFF	BOW	20	1.0000	1.1500	1.0000
NBUFF	BOW	21	1.0000	1.1500	1.0000
NBUFF	BOW	22	1.0000	1.1500	1.0000
NBUFF	BOW	23	1.0000	1.1500	1.0000
NBUFF	BOW	24	1.0000	1.0000	1.0000
NBUFF	BOW	25	1.0000	1.0000	1.0000
NBUFF	MAGE	8	1.0000	1.0000	1.0000
NBUFF	MAGE	9	1.0000	1.0000	1.0000
NBUFF	MAGE	10	1.0000	1.0000	1.0000
NBUFF	MAGE	11	1.0000	1.1500	1.0000
NBUFF	MAGE	12	1.0000	1.1500	1.0000
NBUFF	MAGE	13	1.3000	1.1500	1.0000
NBUFF	MAGE	14	1.3000	1.1500	1.0000
NBUFF	MAGE	15	2.0150	1.1500	1.0000
NBUFF	MAGE	16	2.0150	1.1500	1.0000
NBUFF	MAGE	17	2.0150	1.1500	1.0000
NBUFF	MAGE	18	2.0150	1.1500	1.0000
NBUFF	MAGE	19	2.0150	1.1500	1.0000
NBUFF	MAGE	20	1.3000	1.1500	1.0000
NBUFF	MAGE	21	1.3000	1.1500	1.0000
NBUFF	MAGE	22	1.0000	1.1500	1.0000
NBUFF	MAGE	23	1.0000	1.1500	1.0000
NBUFF	MAGE	24	1.0000	1.0000	1.0000
NBUFF	MAGE	25	1.0000	1.0000	1.0000
