role,zone,level,sim_level,kill_s,skill_share,hp_loss,hp_pool,hp_def,mp_loss,mp_pool,mp_def,kills_before_rest,limit,sit_s,factor
tank,"Talking Island, Western Territory (Northern Area)",13,10,2.0591078161112013,1.0,9.700168646605615,302.017,3.293833439317189,0.0,104.064,0.0,82.52247874936482,HP,1.7189896585682132,0.7261925821475093
melee,"Talking Island, Western Territory (Northern Area)",13,10,1.5443308620834009,1.0,15.459643780527694,302.017,9.776659250061375,0.0,104.064,0.0,27.802472505962974,HP,5.10225439622856,0.4421683882963989
bow,"Talking Island, Western Territory (Northern Area)",13,10,3.5675347207052925,0.07744000000000001,24.524005360042015,302.017,15.998069393944395,1.4918573993656565,104.064,0.0,16.99050637340577,HP,8.349091219059305,0.42087064935003554
mage,"Talking Island, Western Territory (Northern Area)",13,7,2.506651254291701,1.0,22.05980364532684,192.4426,18.087486486961772,8.021284013733444,125.62239999999998,5.673845480041219,9.575589185642169,HP,16.71795186978869,0.23045996401849733
tank,Mithril Mines,22,20,1.8911046773077105,0.16154947368421055,7.300151364810738,516.66,0.0,1.160926468143076,184.32,0.0,inf,-,0.0,1.0
melee,Mithril Mines,22,20,1.9100822293773414,0.07486439024390246,12.374585500742464,576.66,2.9060977935018375,1.1725765596279976,184.32,0.0,178.58793367535444,HP,0.992607879627917,0.8162752518465888
bow,Mithril Mines,22,20,2.6310827030782864,0.06976,23.089082705130394,516.66,12.072600251516084,1.6151900984273233,184.32,0.0,38.51647452185007,HP,4.123521983344178,0.5544356433296558
mage,Mithril Mines,22,20,0.7568878298492282,1.0,8.723917933767073,415.52,4.386755150893706,7.266123166552591,314.15999999999997,4.954358129822969,60.2402959534668,MP,5.118561585485338,0.38886126204597565
tank,Outlaw Forest,53,52,7.376311750499182,1.0,117.65533859960145,2461.1028,64.40941609061721,0.0,771.84,0.0,34.38926564531715,HP,8.761111803548168,0.5299182970145258
melee,Outlaw Forest,53,52,4.547817892338782,0.03693544186046512,112.92796053616641,2692.6764000000003,70.02554845141472,7.222953524241871,771.84,0.0,34.607494173093336,HP,8.435890015600284,0.45517636565109226
bow,Outlaw Forest,53,52,4.612793660983799,0.07090285714285716,129.38430905037598,2260.3302,92.25078901946233,7.326149599422335,771.84,0.0,22.051813340814032,HP,12.958227669472128,0.35438125165014844
mage,Outlaw Forest,53,52,1.106108387381423,1.0,40.12104656064523,1558.7879999999998,26.018917362494662,41.14723201058894,1289.92,31.760349168743467,38.58345490754192,MP,8.947548744247214,0.28725560604135986
tank,Valley of Saints,62,62,8.549762409723957,0.425418835978836,178.443263893414,3190.1418,107.30449570816442,22.914548825114355,1053.1200000000001,0.0,26.756825061725216,HP,12.222665968211514,0.4748005764710059
melee,Valley of Saints,62,62,5.0312851327483346,0.03937185185185186,162.44926679201112,3433.4984,108.76895754500175,9.627223225530225,1053.1200000000001,0.0,28.41020664118704,HP,11.190782974109245,0.4022677991428602
bow,Valley of Saints,62,62,5.683538919776451,0.06932869565217392,217.4234691411252,3022.4232,164.7375509682033,10.875292583902487,1053.1200000000001,0.0,16.512209050169954,HP,18.764657012896855,0.3036766891639796
mage,Valley of Saints,62,62,0.9258081591769647,1.0,42.61228268669596,2061.283,26.087179895064555,49.401123373682836,1742.6499999999999,38.892097135550785,42.56693832245708,MP,9.297439283329256,0.26925579924916954
tank,Cruma Tower,40,40,11.161644418869837,1.0,136.5541449993044,1536.234,81.42072096331421,0.0,459.648,0.0,16.98106555237903,HP,14.795320664804857,0.4800808652187335
melee,Cruma Tower,40,40,8.743161221288556,0.10897920000000001,175.68127166506537,1747.32,125.37270491413655,9.5282271536705,459.648,0.0,12.54330439051316,HP,20.54711801782631,0.3536666393120238
bow,Cruma Tower,40,40,9.045034215495768,0.12821082352941177,234.12981833289385,1414.4850000000001,189.01267895126833,9.857205927773565,459.648,0.0,6.735191030905484,HP,35.46876217656034,0.2455669420784433
mage,Cruma Tower,40,40,1.7382094366267673,1.0,57.60373727112374,1001.0699999999999,45.440997292189145,52.772038495988646,778.624,45.312484736446095,16.32426039539263,MP,18.87942963321603,0.18333227817176
tank,Blazing Swamp,72,72,11.929591749081494,0.4459747747747748,368.9370573395344,4052.1438000000003,256.8536738918185,39.37019775154207,1353.6000000000001,0.0,14.198470922148507,HP,24.249345403719015,0.37306070981417166
melee,Blazing Swamp,72,72,6.30120804475168,0.041670588235294126,301.46939527286986,4313.6544,225.3645043939298,14.284082492486691,1353.6000000000001,0.0,17.226709993397566,HP,19.112463100006657,0.3153009863557263
bow,Blazing Swamp,72,72,7.437962490959189,0.06996543209876545,421.6209207472778,3836.5362,344.42674367472824,16.860968411505567,1353.6000000000001,0.0,10.025012991618484,HP,32.51704734098692,0.2340822091502891
mage,Blazing Swamp,72,72,0.7184285344257724,1.0,48.9979550069632,2598.078,30.195908382561974,50.39776168996793,2244.5,38.807288649415966,54.94521967929573,MP,7.902371379528144,0.28940620812603796
