#ROT	line	level	autoDps	dps5	dps15	dps30	dps45	dps60	dps90	dps120   (sim best rotation vs P.Def 400 / M.Def 300; see build_rotation_table.py)
ROT	arcana lord	1	0.000	6.078	4.381	5.394	5.111	5.414	5.111	5.192
ROT	arcana lord	7	0.000	14.065	14.516	15.403	15.532	15.859	15.919	16.098
ROT	arcana lord	14	0.000	27.072	24.577	26.175	26.190	26.392	26.339	26.316
ROT	arcana lord	20	0.000	103.836	121.142	125.646	121.142	124.913	125.050	124.833
ROT	arcana lord	25	0.000	171.940	153.728	160.424	161.048	162.566	161.048	161.964
ROT	arcana lord	30	0.000	216.369	193.267	201.719	202.470	204.395	202.470	203.621
ROT	arcana lord	35	0.000	270.154	240.532	251.196	251.986	254.454	251.986	253.418
ROT	arcana lord	40	0.000	399.618	387.349	381.215	383.260	381.215	381.215	381.215
ROT	arcana lord	44	0.000	410.894	398.279	391.972	394.074	391.972	391.972	391.972
ROT	arcana lord	48	0.000	422.543	409.570	403.084	405.246	403.084	403.084	403.084
ROT	arcana lord	52	0.000	402.885	441.760	435.575	437.637	443.527	440.876	441.980
ROT	arcana lord	56	0.000	446.802	433.085	443.863	435.698	435.044	441.577	437.739
ROT	arcana lord	58	0.000	453.018	439.109	450.037	441.758	441.096	447.719	443.828
ROT	arcana lord	60	0.000	459.285	445.184	456.263	447.870	447.198	453.913	449.968
ROT	arcana lord	61	0.000	536.892	588.697	580.455	583.203	580.455	580.455	580.455
ROT	arcana lord	62	0.000	541.139	593.354	585.047	587.816	585.047	585.047	585.047
ROT	arcana lord	64	0.000	548.004	600.882	592.469	595.274	592.469	592.469	592.469
ROT	arcana lord	66	0.000	554.851	608.390	599.872	602.711	599.872	599.872	599.872
ROT	arcana lord	68	0.000	561.744	615.947	607.324	610.198	607.324	607.324	607.324
ROT	arcana lord	70	0.000	568.617	623.484	614.755	617.664	614.755	614.755	614.755
ROT	arcana lord	72	0.000	575.442	630.967	622.133	625.078	622.133	622.133	622.133
ROT	arcana lord	74	0.000	582.280	638.465	629.527	632.506	629.527	629.527	629.527
ROT	arcana lord	76	0.000	619.926	630.802	630.802	630.802	643.038	638.959	640.658
ROT	arcana lord	77	0.000	623.341	634.277	634.277	634.277	646.579	642.478	644.187
ROT	arcana lord	78	0.000	626.757	637.753	637.753	637.753	650.123	646.000	647.718
ROT	arcana lord	80	0.000	633.595	644.711	644.711	644.711	657.216	653.048	654.785
ROT	archmage	1	0.000	6.078	4.381	5.394	5.111	5.414	5.111	5.192
ROT	archmage	7	0.000	14.065	14.516	15.403	15.532	15.859	15.919	16.098
ROT	archmage	14	0.000	27.072	24.577	26.175	26.190	26.392	26.339	26.316
ROT	archmage	20	0.000	103.836	121.142	125.646	121.142	124.913	125.050	124.833
ROT	archmage	25	0.000	171.940	153.728	160.424	161.048	162.566	161.048	161.964
ROT	archmage	30	0.000	216.369	193.267	201.719	202.470	204.395	202.470	203.621
ROT	archmage	35	0.000	270.154	240.532	251.196	251.986	254.454	251.986	253.418
ROT	archmage	40	0.000	520.555	583.653	599.427	592.416	598.113	598.551	598.113
ROT	archmage	44	0.000	575.793	640.671	656.890	648.180	654.412	655.238	654.412
ROT	archmage	48	0.000	633.815	700.532	717.212	706.710	713.505	714.741	713.505
ROT	archmage	52	0.000	739.506	821.673	821.673	821.673	821.673	830.066	827.968
ROT	archmage	56	0.000	873.028	873.028	873.028	873.028	873.028	873.028	873.028
ROT	archmage	58	0.000	950.741	924.911	934.349	946.767	941.303	943.952	947.388
ROT	archmage	60	0.000	982.023	955.836	964.397	978.666	972.958	975.476	979.127
ROT	archmage	61	0.000	1147.959	1255.102	1247.449	1244.898	1243.623	1255.691	1251.717
ROT	archmage	62	0.000	1203.321	1310.125	1300.038	1296.676	1294.994	1307.356	1303.005
ROT	archmage	64	0.000	1251.036	1362.800	1352.585	1349.180	1347.477	1360.597	1356.040
ROT	archmage	66	0.000	1317.772	1428.499	1415.114	1410.653	1408.422	1421.806	1416.787
ROT	archmage	68	0.000	1799.797	1574.360	1509.070	1519.746	1500.754	1481.763	1472.267
ROT	archmage	70	0.000	1859.919	1867.962	1695.876	1631.449	1599.236	1567.022	1556.527
ROT	archmage	72	0.000	2441.842	2163.755	1878.668	1767.735	1712.268	1664.373	1634.747
ROT	archmage	74	0.000	2497.675	2213.226	1937.038	1827.243	1772.346	1725.111	1695.747
ROT	archmage	76	0.000	2394.057	2237.214	1957.057	1888.378	1814.613	1752.404	1736.084
ROT	archmage	77	0.000	2407.244	2249.292	1967.675	1898.672	1824.528	1762.003	1745.606
ROT	archmage	78	0.000	2453.273	2291.453	2004.739	1934.603	1859.135	1795.508	1778.844
ROT	archmage	80	0.000	2480.110	2316.034	2026.348	1955.552	1879.311	1815.042	1798.223
ROT	cardinal	1	0.000	6.078	4.381	5.394	5.111	5.414	5.111	5.192
ROT	cardinal	7	0.000	14.065	14.516	15.403	15.532	15.859	15.919	16.098
ROT	cardinal	14	0.000	27.072	24.577	26.175	26.190	26.392	26.339	26.316
ROT	cardinal	20	0.000	64.134	60.062	59.558	63.791	61.511	62.464	62.679
ROT	cardinal	25	0.000	67.490	63.205	67.815	67.847	68.428	68.936	68.963
ROT	cardinal	30	0.000	70.996	66.488	71.098	71.372	71.982	72.279	72.546
ROT	cardinal	35	0.000	74.648	69.908	74.518	75.043	75.685	75.762	76.277
ROT	cardinal	40	0.000	95.706	109.378	110.518	112.602	112.986	113.809	114.221
ROT	cardinal	44	0.000	99.285	113.468	114.650	116.673	117.211	118.065	118.492
ROT	cardinal	48	0.000	116.755	119.190	115.365	117.373	120.230	120.616	121.736
ROT	cardinal	52	0.000	111.323	127.227	128.552	130.466	131.423	132.381	132.859
ROT	cardinal	56	0.000	115.236	139.015	139.015	139.015	139.015	139.015	141.416
ROT	cardinal	58	0.000	117.201	141.385	141.385	141.385	141.385	141.385	143.827
ROT	cardinal	60	0.000	119.175	143.767	143.767	143.767	143.767	143.767	146.250
ROT	cardinal	61	0.000	148.352	163.658	171.311	173.862	175.137	172.292	173.960
ROT	cardinal	62	0.000	149.525	164.952	172.666	175.237	176.523	173.655	175.336
ROT	cardinal	64	0.000	151.422	167.045	174.857	177.460	178.762	175.858	177.561
ROT	cardinal	66	0.000	153.314	169.132	177.041	179.678	180.996	178.055	179.779
ROT	cardinal	68	0.000	155.219	171.233	179.241	181.910	183.244	180.267	182.012
ROT	cardinal	70	0.000	157.118	173.328	181.434	184.135	185.486	182.473	184.239
ROT	cardinal	72	0.000	159.004	175.409	183.611	186.346	187.713	184.663	186.451
ROT	cardinal	74	0.000	160.893	177.493	185.793	188.560	189.943	186.857	188.666
ROT	cardinal	76	0.000	205.948	194.512	210.940	207.196	209.380	209.900	211.408
ROT	cardinal	77	0.000	207.061	195.558	212.081	208.316	210.512	211.035	212.551
ROT	cardinal	78	0.000	208.175	196.604	213.221	209.436	211.644	212.170	213.695
ROT	cardinal	80	0.000	210.405	198.699	215.505	211.680	213.911	214.443	215.983
ROT	dominator	1	0.000	0.893	1.092	1.142	1.158	1.166	1.158	1.166
ROT	dominator	7	0.000	7.861	16.631	18.659	18.798	19.999	20.157	20.247
ROT	dominator	14	0.000	12.027	25.161	28.064	28.277	29.990	30.253	30.387
ROT	dominator	20	0.000	37.661	51.806	60.074	60.857	62.286	62.605	62.639
ROT	dominator	25	0.000	48.192	64.110	69.056	70.416	72.401	71.738	72.694
ROT	dominator	30	0.000	59.857	82.259	88.161	88.913	91.288	91.327	91.822
ROT	dominator	35	0.000	72.783	94.303	98.506	99.869	101.488	103.025	102.259
ROT	dominator	40	0.000	127.574	187.418	184.345	190.128	188.185	187.773	193.856
ROT	dominator	44	0.000	145.463	206.752	201.229	207.211	203.149	204.039	210.890
ROT	dominator	48	0.000	135.651	185.616	200.046	204.856	207.261	209.666	210.868
ROT	dominator	52	0.000	169.711	224.808	241.077	246.500	249.211	251.923	253.278
ROT	dominator	56	0.000	280.949	289.699	284.691	288.518	294.439	290.561	297.842
ROT	dominator	58	0.000	295.504	303.632	295.504	295.504	307.582	303.342	307.582
ROT	dominator	60	0.000	308.043	353.785	334.141	333.540	323.876	330.523	328.889
ROT	dominator	61	0.000	340.126	395.246	381.598	384.948	381.472	387.776	390.544
ROT	dominator	62	0.000	354.646	415.076	399.007	403.112	398.951	403.545	408.839
ROT	dominator	64	0.000	368.803	434.033	415.605	420.745	415.902	418.924	426.297
ROT	dominator	66	0.000	385.939	457.025	435.740	442.100	436.403	438.926	447.429
ROT	dominator	68	0.000	400.662	476.812	459.484	465.539	459.748	462.582	471.305
ROT	dominator	70	0.000	415.606	496.919	477.100	484.264	477.737	480.427	489.835
ROT	dominator	72	0.000	430.731	517.303	494.963	503.256	495.979	498.795	508.626
ROT	dominator	74	0.000	446.115	541.027	519.088	527.987	520.277	523.381	533.484
ROT	dominator	76	0.000	477.990	576.711	551.074	561.035	552.501	555.684	566.652
ROT	dominator	77	0.000	480.442	579.540	553.493	563.523	554.928	558.114	569.152
ROT	dominator	78	0.000	482.897	582.370	555.915	566.012	557.358	560.546	571.654
ROT	dominator	80	0.000	487.813	588.039	560.765	570.998	562.223	565.416	576.665
ROT	doom cryer	1	0.000	0.893	1.092	1.142	1.158	1.166	1.158	1.166
ROT	doom cryer	7	0.000	7.861	16.631	18.659	18.798	19.999	20.157	20.247
ROT	doom cryer	14	0.000	12.027	25.161	28.064	28.277	29.990	30.253	30.387
ROT	doom cryer	20	0.000	37.661	51.806	60.074	60.857	62.286	62.605	62.639
ROT	doom cryer	25	0.000	48.192	64.110	69.056	70.416	72.401	71.738	72.694
ROT	doom cryer	30	0.000	59.857	82.259	88.161	88.913	91.288	91.327	91.822
ROT	doom cryer	35	0.000	72.783	94.303	98.506	99.869	101.488	103.025	102.259
ROT	doom cryer	40	0.000	127.574	189.408	195.865	201.046	197.161	195.128	204.585
ROT	doom cryer	44	0.000	145.463	206.752	201.229	214.943	211.854	211.394	218.155
ROT	doom cryer	48	0.000	135.651	185.616	204.298	220.716	223.336	222.604	227.827
ROT	doom cryer	52	0.000	197.965	255.536	274.031	283.327	282.797	278.275	283.271
ROT	doom cryer	56	0.000	280.949	301.297	292.902	300.856	307.530	303.389	311.008
ROT	doom cryer	58	0.000	295.504	315.230	305.525	314.582	321.308	317.115	324.863
ROT	doom cryer	60	0.000	308.043	363.086	344.188	345.253	335.280	342.541	342.356
ROT	doom cryer	61	0.000	340.126	401.856	394.289	400.787	395.287	405.906	406.302
ROT	doom cryer	62	0.000	354.646	421.247	411.479	418.711	412.477	423.018	424.433
ROT	doom cryer	64	0.000	368.803	446.284	435.501	438.849	435.316	438.973	444.394
ROT	doom cryer	66	0.000	385.939	468.617	455.637	459.717	455.452	458.975	464.939
ROT	doom cryer	68	0.000	400.662	487.743	472.970	477.649	472.786	476.172	483.173
ROT	doom cryer	70	0.000	415.606	507.192	490.586	495.876	490.402	493.648	501.703
ROT	doom cryer	72	0.000	430.731	531.745	514.277	519.831	514.075	517.239	525.622
ROT	doom cryer	74	0.000	446.115	553.207	533.822	540.015	533.621	536.497	546.451
ROT	doom cryer	76	0.000	477.990	587.431	565.809	572.748	565.607	568.800	579.619
ROT	doom cryer	77	0.000	480.442	590.022	568.228	575.224	568.027	571.230	582.119
ROT	doom cryer	78	0.000	482.897	592.616	570.650	577.703	570.448	573.662	584.621
ROT	doom cryer	80	0.000	487.813	597.811	575.499	582.668	575.298	578.579	589.632
ROT	dreadnought	5	9.908	9.908	11.009	11.559	11.743	11.559	11.743	11.697
ROT	dreadnought	10	10.656	10.656	11.840	12.432	12.630	12.432	12.630	12.581
ROT	dreadnought	15	11.405	11.405	12.672	13.306	13.517	13.306	13.517	13.464
ROT	dreadnought	20	37.557	37.557	39.350	41.266	40.885	41.266	41.266	41.745
ROT	dreadnought	24	40.833	40.833	41.907	43.928	43.254	43.928	43.928	44.433
ROT	dreadnought	28	44.634	44.634	44.754	46.888	46.177	46.888	46.888	47.422
ROT	dreadnought	32	48.491	49.133	48.027	50.288	49.534	50.288	50.288	50.853
ROT	dreadnought	36	51.504	54.443	51.763	54.164	53.364	54.164	54.164	54.765
ROT	dreadnought	40	88.012	115.116	95.816	96.453	98.551	98.831	98.616	97.656
ROT	dreadnought	43	91.389	124.333	101.092	101.913	103.933	104.034	103.900	102.708
ROT	dreadnought	46	94.973	134.622	106.861	107.876	109.813	109.704	109.663	108.208
ROT	dreadnought	49	98.764	145.906	113.097	114.317	116.166	115.823	115.885	114.136
ROT	dreadnought	52	131.508	180.356	145.951	148.944	150.038	149.936	150.128	148.092
ROT	dreadnought	55	136.319	194.137	153.686	156.939	157.922	157.540	157.856	155.468
ROT	dreadnought	58	141.338	208.800	161.849	165.375	166.242	165.560	166.009	163.241
ROT	dreadnought	60	144.783	219.057	167.516	171.228	172.016	171.118	171.661	168.627
ROT	dreadnought	61	181.596	250.255	204.137	204.137	207.128	207.759	205.077	204.489
ROT	dreadnought	62	184.617	260.497	209.559	209.559	212.668	213.259	210.433	209.663
ROT	dreadnought	64	188.745	271.801	216.071	216.071	219.342	219.877	216.918	215.949
ROT	dreadnought	66	192.902	283.317	222.674	222.674	226.108	226.585	223.492	222.318
ROT	dreadnought	68	197.117	294.993	229.368	229.368	232.967	233.387	230.156	228.776
ROT	dreadnought	70	201.332	306.745	236.087	236.087	239.852	240.215	236.843	235.256
ROT	dreadnought	72	205.547	318.459	242.794	242.794	246.724	247.030	243.518	241.725
ROT	dreadnought	74	209.733	330.074	249.448	249.448	253.542	253.791	250.143	248.144
ROT	dreadnought	76	248.811	348.012	292.668	292.668	292.668	292.668	289.298	290.140
ROT	dreadnought	77	250.068	408.798	317.729	305.596	316.019	313.407	311.037	311.782
ROT	dreadnought	78	276.133	652.080	415.558	393.648	390.318	388.022	384.894	381.047
ROT	dreadnought	80	278.648	654.086	417.799	395.979	392.688	390.393	387.257	383.445
ROT	duelist	5	18.389	24.140	20.551	19.437	19.065	18.879	18.694	18.608
ROT	duelist	10	19.592	25.720	22.252	20.975	20.550	20.337	20.124	20.018
ROT	duelist	15	20.795	27.299	24.155	22.666	22.170	21.921	21.673	21.549
ROT	duelist	20	46.000	49.856	48.526	47.428	47.320	47.915	47.871	47.677
ROT	duelist	24	48.512	53.658	52.176	50.768	50.584	51.071	51.220	50.901
ROT	duelist	28	51.221	58.027	56.343	54.543	54.254	54.610	55.000	54.605
ROT	duelist	32	54.262	63.695	65.563	58.934	58.502	58.963	59.393	58.904
ROT	duelist	36	57.633	84.485	71.533	66.322	63.391	64.131	64.472	63.867
ROT	duelist	40	123.388	153.733	137.003	134.390	129.685	130.208	129.685	128.770
ROT	duelist	43	126.793	248.588	188.460	180.966	183.363	180.192	176.289	176.078
ROT	duelist	46	131.415	270.881	204.151	195.515	197.506	194.298	190.020	189.516
ROT	duelist	49	136.252	437.977	346.280	306.861	295.143	280.974	283.932	278.980
ROT	duelist	52	171.192	528.017	417.594	370.813	341.912	339.464	342.213	337.342
ROT	duelist	55	177.126	727.462	550.107	443.570	455.533	464.689	453.144	441.861
ROT	duelist	58	183.275	798.216	603.640	487.276	508.064	509.533	498.264	485.863
ROT	duelist	60	187.476	1023.207	644.467	620.776	633.715	596.977	585.399	589.935
ROT	duelist	61	215.612	929.673	788.598	665.041	641.741	592.078	622.886	620.987
ROT	duelist	62	219.043	992.527	834.087	702.814	677.521	674.586	652.661	656.927
ROT	duelist	64	223.798	1058.221	882.342	742.952	715.655	714.084	689.565	695.040
ROT	duelist	66	228.585	1121.718	969.595	923.580	825.695	854.599	818.748	815.435
ROT	duelist	68	233.436	1181.740	902.377	971.870	868.611	900.641	862.984	859.261
ROT	duelist	70	238.286	1839.366	1178.838	1099.787	1018.867	1041.672	998.268	993.707
ROT	duelist	72	243.137	1933.173	1145.211	1154.337	1067.301	1092.538	1047.141	1042.127
ROT	duelist	74	247.956	1505.998	1135.817	1208.405	1115.352	1142.972	1095.591	1090.133
ROT	duelist	76	250.476	1510.641	1139.541	1211.839	1119.076	1146.430	1098.872	1093.458
ROT	duelist	77	251.737	1512.962	1141.403	1213.556	1120.938	1148.159	1100.512	1095.121
ROT	duelist	78	270.795	2190.426	1271.952	1162.699	1142.831	1109.786	1096.292	1085.047
ROT	duelist	80	273.245	2195.856	1276.375	1166.763	1147.218	1114.185	1100.569	1089.261
ROT	elemental master	1	0.000	5.876	5.876	6.775	6.475	6.345	6.202	6.355
ROT	elemental master	7	0.000	13.111	12.044	12.044	12.044	12.044	12.044	12.044
ROT	elemental master	14	0.000	20.503	18.566	18.566	18.566	18.566	18.566	18.566
ROT	elemental master	20	0.000	126.187	128.550	128.550	131.859	131.032	131.228	130.559
ROT	elemental master	25	0.000	159.804	175.735	173.495	174.242	173.495	175.569	175.051
ROT	elemental master	30	0.000	201.340	221.265	218.381	219.342	218.381	221.002	220.347
ROT	elemental master	35	0.000	251.737	276.027	272.163	273.451	272.163	275.475	274.647
ROT	elemental master	40	0.000	376.210	412.511	406.736	408.661	406.736	411.686	410.448
ROT	elemental master	52	0.000	400.265	438.887	432.743	434.791	432.743	438.010	436.693
ROT	elemental master	61	0.000	563.834	602.719	583.276	584.716	589.217	591.197	592.187
ROT	elemental master	76	0.000	633.045	633.045	633.045	633.045	633.045	633.045	633.045
ROT	elemental master	77	0.000	636.809	636.809	636.809	636.809	636.809	636.809	636.809
ROT	elemental master	78	0.000	640.572	640.572	640.572	640.572	640.572	640.572	640.572
ROT	elemental master	80	0.000	648.101	648.101	648.101	648.101	648.101	648.101	648.101
ROT	eva's saint	1	0.000	5.876	5.876	6.775	6.475	6.345	6.202	6.355
ROT	eva's saint	7	0.000	13.111	12.044	12.044	12.044	12.044	12.044	12.044
ROT	eva's saint	14	0.000	20.503	18.566	18.566	18.566	18.566	18.566	18.566
ROT	eva's saint	20	0.000	48.206	53.989	53.989	53.989	53.989	53.989	53.989
ROT	eva's saint	25	0.000	53.998	56.907	56.907	60.392	59.521	59.728	60.330
ROT	eva's saint	30	0.000	56.940	59.982	65.487	63.652	64.438	64.980	65.107
ROT	eva's saint	35	0.000	60.048	63.219	69.015	67.083	67.911	68.487	68.619
ROT	eva's saint	40	0.000	91.143	95.757	104.399	105.092	102.737	103.644	105.184
ROT	eva's saint	44	0.000	93.870	98.674	107.435	108.147	105.726	106.669	108.249
ROT	eva's saint	48	0.000	110.683	101.723	110.595	111.327	108.839	109.819	111.441
ROT	eva's saint	52	0.000	135.996	113.492	118.850	117.984	119.540	116.885	117.721
ROT	eva's saint	56	0.000	140.912	128.816	124.725	126.088	124.725	124.725	124.725
ROT	eva's saint	58	0.000	143.382	131.135	126.987	128.369	126.987	126.987	126.987
ROT	eva's saint	60	0.000	145.865	133.473	129.269	130.670	129.269	129.269	129.269
ROT	eva's saint	61	0.000	183.992	153.894	161.142	160.029	156.265	158.542	157.868
ROT	eva's saint	62	0.000	185.474	155.222	162.528	161.421	157.623	159.922	159.245
ROT	eva's saint	64	0.000	187.815	157.278	164.677	163.572	159.722	162.054	161.370
ROT	eva's saint	66	0.000	190.149	159.332	166.823	165.720	161.818	164.183	163.493
ROT	eva's saint	68	0.000	192.501	161.412	168.996	167.898	163.943	166.342	165.646
ROT	eva's saint	70	0.000	194.845	163.463	171.139	170.042	166.035	168.467	167.764
ROT	eva's saint	72	0.000	197.171	165.513	173.280	172.186	168.128	170.593	169.883
ROT	eva's saint	74	0.000	199.502	167.563	175.423	174.331	170.221	172.719	172.004
ROT	eva's saint	76	0.000	192.350	178.629	185.982	185.324	189.771	189.404	187.383
ROT	eva's saint	77	0.000	193.371	179.573	186.964	186.302	190.772	190.404	188.372
ROT	eva's saint	78	0.000	194.393	180.517	187.946	187.280	191.775	191.404	189.361
ROT	eva's saint	80	0.000	196.439	182.408	189.912	189.239	193.782	193.406	191.342
ROT	eva's templar	5	16.511	16.511	16.047	16.694	16.710	16.694	16.694	16.735
ROT	eva's templar	10	17.922	18.153	17.303	17.816	18.070	17.878	17.999	18.060
ROT	eva's templar	15	19.052	20.099	18.661	19.016	19.565	19.339	19.446	19.499
ROT	eva's templar	20	41.220	41.220	42.672	42.672	42.672	42.767	43.041	43.177
ROT	eva's templar	24	43.090	43.090	44.741	44.741	44.741	44.776	45.063	45.206
ROT	eva's templar	28	45.122	45.122	46.990	46.990	46.990	46.990	47.261	47.411
ROT	eva's templar	32	47.349	47.349	49.454	49.454	49.454	49.454	49.669	49.828
ROT	eva's templar	36	49.738	49.738	52.098	52.098	52.098	52.098	52.254	52.421
ROT	eva's templar	40	87.209	87.209	94.477	94.477	94.477	94.477	94.477	94.477
ROT	eva's templar	43	90.285	90.285	97.808	97.808	97.808	97.808	97.808	97.808
ROT	eva's templar	46	93.537	93.537	101.332	101.332	101.332	101.332	101.332	101.332
ROT	eva's templar	49	96.966	96.966	105.047	105.047	105.047	105.047	105.047	105.047
ROT	eva's templar	52	100.538	100.538	108.916	108.916	108.916	108.916	108.916	108.916
ROT	eva's templar	55	113.594	124.949	126.737	126.737	124.437	127.184	125.885	127.184
ROT	eva's templar	58	117.794	132.087	133.102	133.102	130.437	133.356	131.939	133.356
ROT	eva's templar	60	120.697	137.089	137.546	137.546	134.622	137.661	136.160	137.661
ROT	eva's templar	61	130.641	147.975	149.491	149.491	146.607	147.328	146.607	146.246
ROT	eva's templar	62	132.900	152.480	153.373	153.373	150.223	151.011	150.223	149.829
ROT	eva's templar	64	135.978	157.838	158.143	158.143	154.717	155.573	154.717	154.289
ROT	eva's templar	66	139.094	163.268	162.976	162.976	159.270	160.196	159.270	158.806
ROT	eva's templar	68	142.248	168.770	167.871	167.871	163.881	164.879	163.881	163.382
ROT	eva's templar	70	145.364	174.276	172.755	172.755	168.476	169.546	168.476	167.941
ROT	eva's templar	72	148.518	179.778	177.650	177.650	173.087	174.228	173.087	172.517
ROT	eva's templar	74	151.672	185.281	182.546	182.546	177.699	178.911	177.699	177.093
ROT	eva's templar	76	253.860	276.889	283.385	283.385	278.965	280.070	278.965	278.412
ROT	eva's templar	80	259.268	281.753	288.733	288.733	284.333	285.433	284.333	283.783
ROT	fortune seeker	5	12.270	12.270	12.270	12.270	12.611	12.526	12.611	12.653
ROT	fortune seeker	10	13.206	13.206	13.206	13.206	13.573	13.481	13.573	13.619
ROT	fortune seeker	15	14.142	14.142	14.142	14.142	14.535	14.437	14.535	14.584
ROT	fortune seeker	20	43.622	43.622	43.327	43.180	43.925	44.070	43.925	44.074
ROT	fortune seeker	24	46.449	46.449	45.998	45.772	46.348	46.712	46.399	46.655
ROT	fortune seeker	28	49.205	49.578	48.933	48.611	48.967	49.604	49.273	49.523
ROT	fortune seeker	32	52.165	53.174	52.286	51.841	51.987	52.894	52.543	52.783
ROT	fortune seeker	36	55.452	57.273	56.079	55.482	55.283	56.601	56.228	56.452
ROT	fortune seeker	40	101.953	115.090	111.706	108.459	107.377	108.960	108.275	108.676
ROT	fortune seeker	43	105.783	122.104	117.593	113.801	112.537	114.399	113.688	113.920
ROT	fortune seeker	46	109.843	129.718	123.952	119.553	118.087	120.253	119.514	119.561
ROT	fortune seeker	49	114.132	138.007	130.833	125.752	124.059	126.561	125.793	125.633
ROT	fortune seeker	52	139.924	162.575	150.988	154.442	156.218	154.442	154.442	154.514
ROT	fortune seeker	55	145.490	172.569	159.345	162.432	164.482	162.432	162.432	162.432
ROT	fortune seeker	58	151.298	183.160	168.175	170.850	173.198	170.850	170.850	170.850
ROT	fortune seeker	60	155.287	190.527	174.301	176.678	179.234	176.678	176.678	176.678
ROT	fortune seeker	61	204.890	204.890	233.329	226.219	223.849	226.219	223.849	224.442
ROT	fortune seeker	62	208.352	208.352	239.346	231.598	229.015	231.598	229.015	229.660
ROT	fortune seeker	64	213.062	213.062	246.691	238.284	235.482	238.284	235.482	236.182
ROT	fortune seeker	66	217.804	217.804	254.095	245.023	241.998	245.023	241.998	242.754
ROT	fortune seeker	68	225.464	225.464	261.616	251.866	248.616	251.866	248.616	249.428
ROT	fortune seeker	70	230.568	233.175	269.162	258.728	255.250	258.728	255.250	256.119
ROT	fortune seeker	72	235.445	240.887	276.708	265.590	261.884	265.590	261.884	262.810
ROT	fortune seeker	74	240.287	248.498	284.171	272.381	268.451	272.381	268.451	269.433
ROT	fortune seeker	76	242.678	258.774	286.493	274.712	270.785	274.719	270.785	271.766
ROT	fortune seeker	77	243.874	424.859	365.695	369.686	357.504	357.829	350.321	353.521
ROT	fortune seeker	78	272.300	449.631	395.298	400.403	388.190	388.625	381.115	384.250
ROT	fortune seeker	80	274.692	451.716	397.789	402.987	390.772	391.216	383.706	386.835
ROT	ghost sentinel	5	9.267	9.267	11.943	11.943	11.943	11.943	12.012	12.082
ROT	ghost sentinel	10	11.343	11.343	12.707	12.707	12.707	13.001	13.110	13.164
ROT	ghost sentinel	15	13.505	14.216	13.471	14.105	13.936	14.330	14.385	14.412
ROT	ghost sentinel	20	34.291	34.291	58.363	69.374	64.782	69.021	67.257	69.121
ROT	ghost sentinel	24	39.708	39.708	61.540	72.627	67.499	70.740	70.718	72.610
ROT	ghost sentinel	28	46.425	46.425	65.161	76.198	70.352	74.745	74.580	76.488
ROT	ghost sentinel	32	54.707	54.707	69.582	80.536	72.418	79.620	79.280	81.204
ROT	ghost sentinel	36	60.288	71.148	64.726	78.434	79.426	81.367	84.886	86.915
ROT	ghost sentinel	40	119.718	151.573	131.953	136.590	135.743	137.613	141.585	145.264
ROT	ghost sentinel	43	126.898	166.710	143.213	147.621	140.445	146.423	148.774	153.362
ROT	ghost sentinel	46	134.728	183.602	155.747	159.850	150.352	156.181	159.010	162.283
ROT	ghost sentinel	49	143.207	202.146	169.497	176.846	181.517	182.904	187.880	188.833
ROT	ghost sentinel	52	176.639	239.747	202.792	209.393	210.405	216.145	223.667	224.754
ROT	ghost sentinel	55	186.906	265.815	219.400	225.558	218.174	229.956	237.539	238.592
ROT	ghost sentinel	58	197.751	293.792	237.102	242.770	240.720	254.028	261.744	264.090
ROT	ghost sentinel	60	205.259	313.387	249.453	254.759	250.394	264.272	272.026	274.343
ROT	ghost sentinel	61	206.155	288.257	250.127	255.554	235.458	244.897	241.344	240.237
ROT	ghost sentinel	62	212.985	305.097	262.173	267.109	245.760	255.702	251.900	250.764
ROT	ghost sentinel	64	220.854	322.984	275.217	279.752	257.072	267.567	263.505	262.370
ROT	ghost sentinel	66	228.868	341.262	288.518	292.646	268.604	279.663	275.336	274.201
ROT	ghost sentinel	68	236.969	359.794	302.000	305.708	280.285	291.916	287.318	286.182
ROT	ghost sentinel	70	245.113	378.453	315.572	318.853	292.041	304.247	299.378	298.239
ROT	ghost sentinel	72	253.242	397.053	329.117	331.969	303.774	316.552	311.414	310.273
ROT	ghost sentinel	74	261.328	415.527	342.572	345.001	315.432	328.780	323.373	322.232
ROT	ghost sentinel	76	355.589	604.673	465.961	452.181	433.397	448.668	459.971	451.560
ROT	ghost sentinel	77	356.992	605.425	482.184	453.735	463.167	444.905	452.819	451.755
ROT	ghost sentinel	78	389.504	622.987	516.444	488.579	492.750	468.104	479.951	484.047
ROT	ghost sentinel	80	392.309	624.513	518.472	491.052	494.965	470.520	482.179	486.091
ROT	grand khavatari	5	13.239	16.507	14.848	14.018	13.741	13.603	13.678	13.556
ROT	grand khavatari	10	14.187	18.357	16.356	15.356	15.022	14.855	14.917	14.777
ROT	grand khavatari	15	15.135	20.510	18.067	16.845	16.438	16.234	16.275	16.112
ROT	grand khavatari	20	45.700	58.671	51.888	48.988	48.022	47.538	47.301	46.875
ROT	grand khavatari	24	48.056	80.839	60.686	54.549	53.296	54.129	52.818	52.983
ROT	grand khavatari	28	50.576	91.941	66.499	59.024	58.378	59.677	58.157	58.335
ROT	grand khavatari	32	53.369	114.404	82.529	70.585	67.397	70.031	68.005	68.076
ROT	grand khavatari	36	59.256	178.827	110.080	104.443	100.117	98.440	94.591	94.494
ROT	grand khavatari	40	114.079	337.115	197.710	189.347	184.259	182.333	179.379	177.645
ROT	grand khavatari	43	118.187	421.475	263.697	233.008	229.386	227.090	219.811	214.083
ROT	grand khavatari	46	124.829	469.781	289.522	262.488	253.661	254.770	243.918	242.939
ROT	grand khavatari	49	129.423	523.332	334.267	309.199	289.180	288.490	278.863	272.466
ROT	grand khavatari	52	162.612	705.968	400.972	413.404	387.254	384.037	372.575	361.469
ROT	grand khavatari	55	168.248	905.561	512.832	472.579	447.658	425.647	408.101	409.594
ROT	grand khavatari	58	178.970	972.430	610.366	531.597	482.936	473.402	451.662	460.007
ROT	grand khavatari	60	183.073	1103.295	697.843	618.691	562.597	545.949	531.344	527.007
ROT	grand khavatari	61	221.024	1165.112	675.640	620.500	586.228	573.652	557.908	560.781
ROT	grand khavatari	62	224.543	1217.209	705.505	648.802	613.803	600.595	583.733	586.549
ROT	grand khavatari	64	229.419	1358.935	744.679	640.025	637.162	610.158	598.774	594.917
ROT	grand khavatari	66	234.328	1537.230	868.161	789.120	744.888	727.846	702.958	708.970
ROT	grand khavatari	68	239.303	1601.552	905.244	824.256	779.178	761.319	735.082	741.061
ROT	grand khavatari	70	244.278	1666.380	942.628	859.748	813.769	795.101	767.508	773.447
ROT	grand khavatari	72	249.252	2009.747	1196.016	1059.755	1025.828	950.310	929.482	928.474
ROT	grand khavatari	74	254.194	2080.248	1240.967	1102.082	1067.430	989.464	974.235	965.960
ROT	grand khavatari	76	316.384	1978.358	1336.054	1175.555	1066.619	1048.110	997.660	996.838
ROT	grand khavatari	77	318.040	1980.880	1338.727	1178.097	1069.070	1050.546	999.978	999.173
ROT	grand khavatari	78	309.471	2361.326	1461.133	1257.054	1123.663	1157.130	1143.604	1123.476
ROT	grand khavatari	80	312.324	2368.049	1442.402	1262.008	1128.403	1161.894	1148.451	1128.202
ROT	hell knight	5	18.105	18.105	18.322	18.322	18.322	18.322	18.322	18.356
ROT	hell knight	10	19.290	19.290	19.699	19.699	19.699	19.699	19.699	19.699
ROT	hell knight	15	20.474	20.474	21.177	21.177	21.177	21.177	21.177	21.177
ROT	hell knight	20	46.754	46.754	46.170	46.879	47.226	46.879	47.129	47.212
ROT	hell knight	24	48.825	48.825	48.256	49.081	49.375	49.081	49.280	49.372
ROT	hell knight	28	51.058	51.058	50.504	51.455	51.692	51.455	51.600	51.702
ROT	hell knight	32	53.486	53.486	52.949	54.036	54.211	54.036	54.121	54.234
ROT	hell knight	36	56.075	56.075	55.556	56.789	56.898	56.789	56.811	56.935
ROT	hell knight	40	99.243	99.243	99.243	103.378	102.000	103.378	103.378	103.378
ROT	hell knight	43	102.595	102.595	102.595	106.870	105.445	106.870	106.870	106.870
ROT	hell knight	46	106.123	106.123	116.222	132.070	126.300	131.848	131.771	131.733
ROT	hell knight	49	109.827	109.827	119.357	135.633	129.706	135.404	135.326	135.286
ROT	hell knight	52	113.673	113.673	113.673	118.409	116.831	118.409	118.409	118.409
ROT	hell knight	55	122.631	141.428	133.506	138.408	137.401	136.427	137.401	136.663
ROT	hell knight	58	126.934	149.365	140.173	145.247	143.875	142.949	143.875	143.069
ROT	hell knight	60	129.900	154.849	144.777	149.970	148.344	147.452	148.344	147.492
ROT	hell knight	61	140.003	166.647	156.703	151.731	157.189	157.067	157.189	157.249
ROT	hell knight	62	142.258	171.625	160.756	155.322	160.995	160.935	160.995	161.025
ROT	hell knight	64	145.397	177.551	165.730	159.819	165.736	165.734	165.736	165.737
ROT	hell knight	66	148.573	183.512	170.738	164.351	170.513	170.569	170.513	170.485
ROT	hell knight	68	151.785	189.582	175.831	168.955	175.367	175.483	175.367	175.309
ROT	hell knight	70	154.960	195.656	180.915	173.544	180.207	180.384	180.207	180.119
ROT	hell knight	72	158.172	201.765	186.033	178.168	185.083	185.321	185.083	184.964
ROT	hell knight	74	161.383	207.797	191.101	182.753	189.917	190.213	189.917	189.768
ROT	hell knight	76	272.946	312.526	297.261	289.629	299.582	299.002	299.582	299.872
ROT	hell knight	80	278.853	318.088	302.893	295.296	305.398	304.772	305.398	305.711
ROT	hierophant	1	0.000	6.078	4.381	5.394	5.111	5.414	5.111	5.192
ROT	hierophant	7	0.000	14.065	14.516	15.403	15.532	15.859	15.919	16.098
ROT	hierophant	14	0.000	27.072	24.577	26.175	26.190	26.392	26.339	26.316
ROT	hierophant	20	0.000	64.134	60.062	59.558	63.791	61.511	62.464	62.679
ROT	hierophant	25	0.000	67.490	63.205	67.815	67.847	68.428	68.936	68.963
ROT	hierophant	30	0.000	70.996	66.488	71.098	71.372	71.982	72.279	72.546
ROT	hierophant	35	0.000	74.648	69.908	74.518	75.043	75.685	75.762	76.277
ROT	hierophant	40	0.000	95.706	109.378	110.518	112.602	112.986	113.809	114.221
ROT	hierophant	44	0.000	99.285	113.468	114.650	116.673	117.211	118.065	118.492
ROT	hierophant	48	0.000	116.755	119.190	115.365	117.373	120.230	120.616	121.736
ROT	hierophant	52	0.000	111.323	127.227	128.552	130.466	131.423	132.381	132.859
ROT	hierophant	56	0.000	115.236	139.015	139.015	139.015	139.015	139.015	141.416
ROT	hierophant	58	0.000	117.201	141.385	141.385	141.385	141.385	141.385	143.827
ROT	hierophant	60	0.000	119.175	143.767	143.767	143.767	143.767	143.767	146.250
ROT	hierophant	61	0.000	148.352	163.658	171.311	173.862	175.137	172.292	173.960
ROT	hierophant	62	0.000	149.525	164.952	172.666	175.237	176.523	173.655	175.336
ROT	hierophant	64	0.000	151.422	167.045	174.857	177.460	178.762	175.858	177.561
ROT	hierophant	66	0.000	153.314	169.132	177.041	179.678	180.996	178.055	179.779
ROT	hierophant	68	0.000	155.219	171.233	179.241	181.910	183.244	180.267	182.012
ROT	hierophant	70	0.000	157.118	173.328	181.434	184.135	185.486	182.473	184.239
ROT	hierophant	72	0.000	159.004	175.409	183.611	186.346	187.713	184.663	186.451
ROT	hierophant	74	0.000	160.893	177.493	185.793	188.560	189.943	186.857	188.666
ROT	hierophant	76	0.000	205.948	194.512	210.940	207.196	209.380	209.900	211.408
ROT	hierophant	77	0.000	207.061	195.558	212.081	208.316	210.512	211.035	212.551
ROT	hierophant	78	0.000	208.175	196.604	213.221	209.436	211.644	212.170	213.695
ROT	hierophant	80	0.000	210.405	198.699	215.505	211.680	213.911	214.443	215.983
ROT	maestro	5	12.270	12.270	12.270	12.270	12.611	12.526	12.611	12.653
ROT	maestro	10	13.206	13.206	13.206	13.206	13.573	13.481	13.573	13.619
ROT	maestro	15	14.142	14.142	14.142	14.142	14.535	14.437	14.535	14.584
ROT	maestro	20	43.622	43.622	43.327	43.180	43.925	44.070	43.925	44.074
ROT	maestro	24	46.449	46.449	45.998	45.772	46.348	46.712	46.399	46.655
ROT	maestro	28	49.205	49.578	48.933	48.611	48.967	49.604	49.273	49.523
ROT	maestro	32	52.165	53.174	52.286	51.841	51.987	52.894	52.543	52.783
ROT	maestro	36	55.452	57.273	56.079	55.482	55.283	56.601	56.228	56.452
ROT	maestro	40	101.953	115.090	111.706	108.459	107.377	108.960	108.275	108.676
ROT	maestro	43	105.783	122.104	117.593	113.801	112.537	114.399	113.688	113.920
ROT	maestro	46	109.843	129.718	123.952	119.553	118.087	120.253	119.514	119.561
ROT	maestro	49	114.132	138.007	130.833	125.752	124.059	126.561	125.793	125.633
ROT	maestro	52	139.924	162.575	150.988	154.442	156.218	154.442	154.442	154.514
ROT	maestro	55	145.490	172.569	159.345	162.432	164.482	162.432	162.432	162.432
ROT	maestro	58	151.298	183.160	168.175	170.850	173.198	170.850	170.850	170.850
ROT	maestro	60	155.287	190.527	174.301	176.678	179.234	176.678	176.678	176.678
ROT	maestro	61	204.890	204.890	233.329	226.219	223.849	226.219	223.849	224.442
ROT	maestro	62	208.352	208.352	239.346	231.598	229.015	231.598	229.015	229.660
ROT	maestro	64	213.062	213.062	246.691	238.284	235.482	238.284	235.482	236.182
ROT	maestro	66	217.804	217.804	254.095	245.023	241.998	245.023	241.998	242.754
ROT	maestro	68	225.464	225.464	261.616	251.866	248.616	251.866	248.616	249.428
ROT	maestro	70	230.568	233.175	269.162	258.728	255.250	258.728	255.250	256.119
ROT	maestro	72	235.445	240.887	276.708	265.590	261.884	265.590	261.884	262.810
ROT	maestro	74	240.287	248.498	284.171	272.381	268.451	272.381	268.451	269.433
ROT	maestro	76	242.678	250.212	286.493	274.712	270.785	274.712	270.785	271.766
ROT	maestro	77	243.874	414.781	359.469	364.893	357.504	357.829	348.309	353.521
ROT	maestro	78	272.300	438.412	388.366	395.067	388.190	388.625	378.886	384.250
ROT	maestro	80	274.692	440.400	390.797	397.605	390.772	391.216	381.459	386.835
ROT	moonlight sentinel	5	8.275	8.275	10.074	10.074	10.074	10.128	10.234	10.287
ROT	moonlight sentinel	10	10.298	10.298	10.738	10.930	10.879	11.165	11.237	11.273
ROT	moonlight sentinel	15	11.532	13.118	11.403	12.268	12.037	12.402	12.418	12.425
ROT	moonlight sentinel	20	30.858	30.858	38.418	38.418	38.418	38.449	38.872	39.084
ROT	moonlight sentinel	24	36.149	36.149	41.246	41.246	41.246	42.034	42.405	42.591
ROT	moonlight sentinel	28	42.740	42.740	44.522	45.331	45.115	46.302	46.599	46.747
ROT	moonlight sentinel	32	50.050	50.896	49.488	51.414	50.900	52.314	52.550	52.668
ROT	moonlight sentinel	36	54.622	67.355	59.465	61.448	57.646	59.947	60.677	60.119
ROT	moonlight sentinel	40	108.302	136.148	118.965	122.426	117.757	121.768	118.026	118.429
ROT	moonlight sentinel	43	115.367	150.468	129.784	133.038	126.424	130.820	127.633	127.078
ROT	moonlight sentinel	46	123.104	166.467	143.131	144.833	137.458	141.517	138.294	137.092
ROT	moonlight sentinel	49	131.513	184.046	156.916	157.766	149.702	151.988	149.974	148.900
ROT	moonlight sentinel	52	161.687	217.449	186.667	190.032	179.740	184.616	181.617	179.595
ROT	moonlight sentinel	55	171.859	242.340	203.312	205.646	194.530	197.787	196.250	194.608
ROT	moonlight sentinel	58	182.629	269.072	221.087	222.294	210.290	213.462	211.830	209.764
ROT	moonlight sentinel	60	190.097	287.805	233.511	233.902	221.286	224.388	222.685	220.327
ROT	moonlight sentinel	61	190.875	263.241	230.409	234.571	221.901	225.049	223.384	220.720
ROT	moonlight sentinel	62	197.789	279.385	242.147	245.865	232.611	235.646	233.869	231.084
ROT	moonlight sentinel	64	205.631	296.444	255.017	258.244	244.308	247.304	245.320	242.402
ROT	moonlight sentinel	66	213.622	313.880	268.708	271.157	256.418	259.476	256.998	253.943
ROT	moonlight sentinel	68	221.703	331.560	282.604	284.247	268.700	271.816	268.827	265.635
ROT	moonlight sentinel	70	229.828	349.364	296.588	297.420	281.059	284.233	280.733	277.639
ROT	moonlight sentinel	72	237.938	367.111	310.545	310.565	293.397	296.625	292.614	289.656
ROT	moonlight sentinel	74	246.004	384.735	324.414	323.626	305.656	308.941	304.420	301.598
ROT	moonlight sentinel	76	328.721	557.557	432.875	415.855	401.238	400.563	395.465	392.917
ROT	moonlight sentinel	77	329.936	558.132	444.767	416.873	409.973	407.982	402.591	400.330
ROT	moonlight sentinel	78	363.272	574.073	476.276	449.710	437.570	436.902	430.172	428.820
ROT	moonlight sentinel	80	365.702	575.247	477.928	451.779	439.765	439.148	432.182	431.054
ROT	mystic muse	1	0.000	5.876	5.876	6.775	6.475	6.345	6.202	6.355
ROT	mystic muse	7	0.000	13.111	12.044	12.044	12.044	12.044	12.044	12.044
ROT	mystic muse	14	0.000	20.503	18.566	18.566	18.566	18.566	18.566	18.566
ROT	mystic muse	20	0.000	126.187	128.550	128.550	131.859	131.032	131.228	130.559
ROT	mystic muse	25	0.000	159.804	175.735	173.495	174.242	173.495	175.569	175.051
ROT	mystic muse	30	0.000	201.340	221.265	218.381	219.342	218.381	221.002	220.347
ROT	mystic muse	35	0.000	251.737	276.027	272.163	273.451	272.163	275.475	274.647
ROT	mystic muse	40	0.000	583.494	648.326	648.326	659.963	657.054	659.132	660.794
ROT	mystic muse	44	0.000	638.223	709.137	709.137	722.522	719.176	720.956	723.021
ROT	mystic muse	48	0.000	695.723	773.026	773.026	788.252	784.445	785.909	788.398
ROT	mystic muse	52	0.000	755.972	839.969	839.969	857.130	852.840	853.969	856.904
ROT	mystic muse	56	0.000	827.537	919.486	948.742	950.136	957.101	959.888	961.281
ROT	mystic muse	58	0.000	1087.671	1047.177	1026.930	1029.599	1039.408	1033.209	1035.877
ROT	mystic muse	60	0.000	1125.659	1082.695	1061.213	1064.237	1074.341	1067.896	1070.522
ROT	mystic muse	61	0.000	1314.708	1380.499	1355.409	1372.321	1374.366	1372.321	1368.093
ROT	mystic muse	62	0.000	1379.251	1441.075	1411.849	1428.710	1431.802	1428.710	1424.495
ROT	mystic muse	64	0.000	1437.639	1500.244	1468.942	1486.585	1490.000	1486.585	1482.174
ROT	mystic muse	66	0.000	1514.280	1571.901	1535.600	1553.078	1557.784	1553.078	1548.709
ROT	mystic muse	68	0.000	1981.009	1717.341	1676.507	1632.174	1628.965	1615.840	1618.757
ROT	mystic muse	70	0.000	2037.018	1915.387	1787.261	1726.446	1727.627	1695.743	1695.596
ROT	mystic muse	72	0.000	2613.410	2225.043	1966.331	1894.433	1840.858	1803.615	1776.180
ROT	mystic muse	74	0.000	2680.578	2282.783	2029.476	1959.550	1907.055	1870.681	1843.728
ROT	mystic muse	76	0.000	2566.792	2350.988	2052.672	1953.233	1914.938	1867.546	1853.054
ROT	mystic muse	77	0.000	2580.721	2363.747	2063.811	1963.833	1925.330	1877.681	1863.110
ROT	mystic muse	78	0.000	2629.353	2408.290	2102.702	2000.840	1961.612	1913.064	1898.219
ROT	mystic muse	80	0.000	2657.712	2434.264	2125.381	2022.420	1982.769	1933.698	1918.692
ROT	phoenix knight	5	18.105	18.105	18.322	18.322	18.322	18.322	18.322	18.356
ROT	phoenix knight	10	19.290	19.290	19.699	19.699	19.699	19.699	19.699	19.699
ROT	phoenix knight	15	20.474	20.474	21.177	21.177	21.177	21.177	21.177	21.177
ROT	phoenix knight	20	46.754	46.754	46.170	46.879	47.226	46.879	47.129	47.212
ROT	phoenix knight	24	48.825	48.825	48.256	49.081	49.375	49.081	49.280	49.372
ROT	phoenix knight	28	51.058	51.058	50.504	51.455	51.692	51.455	51.600	51.702
ROT	phoenix knight	32	53.486	53.486	52.949	54.036	54.211	54.036	54.121	54.234
ROT	phoenix knight	36	56.075	56.075	55.556	56.789	56.898	56.789	56.811	56.935
ROT	phoenix knight	40	99.243	99.243	99.243	103.378	102.000	103.378	103.378	103.378
ROT	phoenix knight	43	102.595	102.595	102.595	106.870	105.445	106.870	106.870	106.870
ROT	phoenix knight	46	106.123	106.123	106.123	110.545	109.071	110.545	110.545	110.545
ROT	phoenix knight	49	109.827	109.827	109.827	114.403	112.878	114.403	114.403	114.403
ROT	phoenix knight	52	113.673	113.673	113.673	118.409	116.831	118.409	118.409	118.409
ROT	phoenix knight	55	122.631	137.970	131.200	136.103	135.480	134.410	135.480	134.790
ROT	phoenix knight	58	126.934	145.375	137.513	142.587	141.658	140.622	141.658	140.908
ROT	phoenix knight	60	129.900	150.555	141.915	147.108	145.959	144.948	145.959	145.166
ROT	phoenix knight	61	140.003	162.353	153.840	149.584	154.803	154.562	154.803	154.923
ROT	phoenix knight	62	142.258	166.951	157.640	152.985	158.398	158.209	158.398	158.493
ROT	phoenix knight	64	145.397	172.497	162.360	157.292	162.928	162.786	162.928	162.999
ROT	phoenix knight	66	148.573	178.116	167.140	161.653	167.515	167.421	167.515	167.562
ROT	phoenix knight	68	151.785	183.806	171.980	166.067	172.158	172.114	172.158	172.181
ROT	phoenix knight	70	154.960	189.500	176.811	170.466	176.787	176.793	176.787	176.785
ROT	phoenix knight	72	158.172	195.191	181.651	174.881	181.431	181.486	181.431	181.403
ROT	phoenix knight	74	161.383	200.881	186.490	179.295	186.074	186.178	186.074	186.022
ROT	phoenix knight	76	272.946	305.610	292.650	286.171	295.740	294.967	295.740	296.126
ROT	phoenix knight	80	278.853	311.172	298.283	291.838	301.556	300.737	301.556	301.965
ROT	sagittarius	5	9.069	9.069	9.934	10.726	11.230	10.942	11.230	11.104
ROT	sagittarius	10	11.134	11.134	11.066	11.663	12.281	11.663	12.281	12.127
ROT	sagittarius	15	12.576	13.996	12.465	12.732	13.510	12.732	13.510	13.316
ROT	sagittarius	20	33.604	33.604	37.240	40.319	42.186	41.228	42.186	41.719
ROT	sagittarius	24	38.996	38.996	41.002	43.837	46.004	44.733	46.004	45.462
ROT	sagittarius	28	45.688	45.688	46.032	48.685	51.223	49.867	51.223	50.588
ROT	sagittarius	32	53.273	53.945	51.365	53.501	56.498	53.501	56.498	55.749
ROT	sagittarius	36	60.698	69.956	63.878	66.706	66.716	65.205	66.716	65.963
ROT	sagittarius	40	120.229	147.481	129.146	134.254	129.694	134.013	129.694	130.509
ROT	sagittarius	43	127.563	162.391	140.310	145.233	139.063	143.404	139.132	139.478
ROT	sagittarius	46	135.568	179.037	153.754	157.409	150.647	153.758	150.647	149.354
ROT	sagittarius	49	144.244	197.314	167.917	170.738	163.316	165.919	163.316	161.041
ROT	sagittarius	52	177.804	233.805	200.442	206.229	198.803	200.045	198.803	196.058
ROT	sagittarius	55	188.306	259.531	217.549	222.330	214.114	213.684	214.114	211.123
ROT	sagittarius	58	199.405	287.148	235.802	239.477	230.397	229.797	230.397	227.143
ROT	sagittarius	60	207.093	306.493	248.552	251.423	241.735	241.021	241.735	238.298
ROT	sagittarius	61	207.985	282.842	245.848	252.196	242.535	241.783	242.535	239.089
ROT	sagittarius	62	215.004	299.530	257.827	263.731	253.411	252.580	253.411	249.784
ROT	sagittarius	64	223.063	317.236	271.031	276.458	265.363	264.541	265.363	261.542
ROT	sagittarius	66	231.272	335.330	285.061	289.721	277.548	277.019	277.548	273.528
ROT	sagittarius	68	239.571	353.675	299.297	303.164	289.889	289.666	289.889	285.669
ROT	sagittarius	70	247.914	372.147	313.622	316.691	302.309	302.392	302.309	297.887
ROT	sagittarius	72	256.242	390.561	327.921	330.189	314.705	315.092	314.705	310.081
ROT	sagittarius	74	264.526	408.848	342.129	343.603	327.022	327.714	327.022	322.199
ROT	sagittarius	76	358.281	591.847	459.450	446.168	429.676	430.110	429.304	426.562
ROT	sagittarius	77	359.676	592.552	474.689	448.330	439.377	438.381	434.367	429.258
ROT	sagittarius	78	393.146	609.626	498.037	477.128	469.784	469.463	462.294	459.392
ROT	sagittarius	80	395.937	611.061	500.073	479.581	472.319	472.054	464.934	461.982
ROT	shillien saint	1	0.000	6.427	4.629	5.701	5.401	5.208	5.401	5.476
ROT	shillien saint	7	0.000	14.811	14.580	15.483	15.412	15.916	15.478	15.740
ROT	shillien saint	14	0.000	23.023	24.598	26.143	25.814	25.948	26.522	26.446
ROT	shillien saint	20	0.000	54.812	63.410	62.863	63.378	61.719	61.869	62.836
ROT	shillien saint	25	0.000	71.208	66.686	65.605	69.135	67.844	68.382	68.876
ROT	shillien saint	30	0.000	74.848	70.096	68.711	72.670	71.101	71.878	72.398
ROT	shillien saint	35	0.000	78.627	73.635	71.935	76.339	74.483	75.507	76.053
ROT	shillien saint	40	0.000	100.883	111.292	113.293	112.626	114.895	114.361	114.094
ROT	shillien saint	44	0.000	104.591	115.382	117.458	116.766	119.118	118.564	118.288
ROT	shillien saint	48	0.000	121.572	113.853	120.125	118.034	120.125	120.125	119.160
ROT	shillien saint	52	0.000	117.172	129.261	131.586	130.811	133.446	132.826	132.516
ROT	shillien saint	56	0.000	121.213	133.719	139.972	142.057	141.175	140.774	141.175
ROT	shillien saint	58	0.000	123.242	135.958	142.315	144.435	143.538	143.130	143.538
ROT	shillien saint	60	0.000	125.280	138.206	144.669	146.823	145.911	145.497	145.911
ROT	shillien saint	61	0.000	145.355	175.348	187.461	183.424	187.461	187.461	186.308
ROT	shillien saint	62	0.000	146.718	176.993	189.219	185.144	189.219	189.219	188.055
ROT	shillien saint	64	0.000	148.981	179.723	192.138	187.999	192.138	192.138	190.955
ROT	shillien saint	66	0.000	151.232	182.439	195.042	190.841	195.042	195.042	193.841
ROT	shillien saint	68	0.000	153.491	185.164	197.955	193.691	197.955	197.955	196.737
ROT	shillien saint	70	0.000	155.739	187.876	200.854	196.528	200.854	200.854	199.618
ROT	shillien saint	72	0.000	157.969	190.566	203.730	199.342	203.730	203.730	202.476
ROT	shillien saint	74	0.000	160.198	193.254	206.604	202.154	206.604	206.604	205.333
ROT	shillien saint	76	0.000	182.603	199.536	213.320	208.725	213.320	213.320	212.007
ROT	shillien saint	77	0.000	183.593	200.627	214.486	209.866	214.486	214.486	213.166
ROT	shillien saint	78	0.000	184.583	201.719	215.653	211.008	215.653	215.653	214.326
ROT	shillien saint	80	0.000	186.565	203.904	217.989	213.294	217.989	217.989	216.648
ROT	shillien templar	5	19.365	19.365	18.953	18.953	19.716	19.525	19.681	19.760
ROT	shillien templar	10	21.017	21.158	20.364	20.364	21.236	21.018	21.169	21.245
ROT	shillien templar	15	22.300	23.256	21.876	21.876	22.890	22.637	22.775	22.845
ROT	shillien templar	20	48.266	48.266	55.136	71.581	68.421	73.516	74.165	74.386
ROT	shillien templar	24	51.200	51.200	53.244	67.746	65.693	91.424	91.890	92.582
ROT	shillien templar	28	54.049	54.049	55.417	70.478	68.230	93.638	73.470	72.729
ROT	shillien templar	32	57.241	57.241	57.644	72.479	70.215	74.650	75.363	74.583
ROT	shillien templar	36	60.782	60.782	60.322	75.813	73.295	78.016	78.679	77.875
ROT	shillien templar	40	104.267	104.267	105.655	118.409	117.759	121.026	153.782	154.621
ROT	shillien templar	43	108.604	108.604	109.079	122.250	121.440	124.862	157.136	124.996
ROT	shillien templar	46	113.226	113.226	116.945	132.069	130.551	134.690	133.563	134.500
ROT	shillien templar	49	118.133	118.133	130.789	149.345	146.739	151.270	150.486	151.482
ROT	shillien templar	52	123.329	123.329	121.341	126.231	127.199	128.180	127.199	127.931
ROT	shillien templar	55	131.169	152.340	152.158	152.158	145.351	147.053	147.038	147.030
ROT	shillien templar	58	135.718	161.840	160.247	160.247	152.735	154.613	154.480	154.414
ROT	shillien templar	60	138.852	168.414	165.838	165.838	157.838	159.838	159.623	159.516
ROT	shillien templar	61	150.351	180.701	167.694	172.024	171.229	173.297	171.229	171.671
ROT	shillien templar	62	152.728	186.812	172.515	176.755	175.744	177.935	175.744	176.148
ROT	shillien templar	64	156.056	193.946	178.316	182.496	181.276	183.600	181.276	181.646
ROT	shillien templar	66	159.422	201.076	184.127	188.255	186.823	189.279	186.823	187.160
ROT	shillien templar	68	162.825	208.390	190.072	194.137	192.490	195.082	192.490	192.792
ROT	shillien templar	70	166.191	215.672	195.983	199.990	198.121	200.849	198.121	198.388
ROT	shillien templar	72	169.594	223.024	201.954	205.898	203.809	206.675	203.809	204.041
ROT	shillien templar	74	172.997	230.263	207.849	211.736	209.434	212.434	209.434	209.632
ROT	shillien templar	76	293.354	334.621	315.226	324.594	324.119	327.655	324.119	325.230
ROT	shillien templar	80	299.728	340.182	320.935	330.590	330.211	333.776	330.211	331.371
ROT	soultaker	1	0.000	6.078	4.381	5.394	5.111	5.414	5.111	5.192
ROT	soultaker	7	0.000	14.065	14.516	15.403	15.532	15.859	15.919	16.098
ROT	soultaker	14	0.000	27.072	24.577	26.175	26.190	26.392	26.339	26.316
ROT	soultaker	20	0.000	103.836	121.142	125.646	121.142	124.913	125.050	124.833
ROT	soultaker	25	0.000	171.940	153.728	160.424	161.048	162.566	161.048	161.964
ROT	soultaker	30	0.000	216.369	193.267	201.719	202.470	204.395	202.470	203.621
ROT	soultaker	35	0.000	270.154	240.532	251.196	251.986	254.454	251.986	253.418
ROT	soultaker	40	0.000	399.618	387.349	381.215	383.260	381.215	381.215	381.215
ROT	soultaker	44	0.000	410.894	398.279	407.290	404.286	397.829	405.187	402.559
ROT	soultaker	48	0.000	561.538	521.693	501.307	501.616	491.346	491.268	493.315
ROT	soultaker	52	0.000	667.941	591.958	576.055	572.520	572.962	572.520	572.520
ROT	soultaker	56	0.000	670.203	599.656	590.837	579.406	588.878	576.140	579.324
ROT	soultaker	58	0.000	703.370	657.670	639.788	625.217	623.396	627.867	630.102
ROT	soultaker	60	0.000	731.229	681.876	663.747	649.982	646.373	651.660	655.060
ROT	soultaker	61	0.000	900.707	854.788	847.135	841.837	836.539	838.108	836.980
ROT	soultaker	62	0.000	950.553	893.591	879.944	875.790	869.263	872.428	871.488
ROT	soultaker	64	0.000	995.060	930.165	910.937	908.533	900.121	904.527	903.726
ROT	soultaker	66	0.000	1051.297	978.290	949.088	949.088	938.137	944.221	943.612
ROT	soultaker	68	0.000	1097.617	1020.008	981.203	983.051	972.888	979.355	977.046
ROT	soultaker	70	0.000	1144.716	1062.416	1021.266	1022.513	1011.914	1015.031	1015.655
ROT	soultaker	72	0.000	1192.527	1105.454	1061.917	1062.548	1051.506	1054.346	1056.238
ROT	soultaker	74	0.000	1241.176	1149.237	1103.268	1103.268	1091.775	1095.606	1097.521
ROT	soultaker	76	0.000	1213.219	1240.679	1213.709	1214.051	1193.873	1214.051	1207.290
ROT	soultaker	77	0.000	1219.777	1247.385	1220.125	1220.613	1200.326	1220.613	1213.816
ROT	soultaker	78	0.000	1242.672	1270.798	1242.525	1243.524	1222.855	1243.524	1236.599
ROT	soultaker	80	0.000	1256.023	1284.452	1255.588	1256.885	1235.994	1256.885	1249.886
ROT	spectral dancer	5	19.365	19.365	18.953	18.953	19.716	19.525	19.681	19.760
ROT	spectral dancer	10	21.017	21.158	20.364	20.364	21.236	21.018	21.169	21.245
ROT	spectral dancer	15	22.300	23.256	21.876	21.876	22.890	22.637	22.775	22.845
ROT	spectral dancer	20	48.266	48.266	55.136	71.581	68.421	73.516	74.165	74.386
ROT	spectral dancer	24	51.200	51.200	53.244	67.746	65.693	91.424	91.890	92.582
ROT	spectral dancer	28	54.049	54.049	55.417	70.478	68.230	93.638	73.470	72.729
ROT	spectral dancer	32	57.241	57.241	57.644	72.479	70.215	74.650	75.363	74.583
ROT	spectral dancer	36	60.782	60.782	60.322	75.813	73.295	78.016	78.679	77.875
ROT	spectral dancer	40	64.056	64.767	62.946	65.180	65.633	65.368	65.554	65.233
ROT	spectral dancer	43	66.605	68.054	65.924	68.264	68.639	68.445	68.563	68.236
ROT	spectral dancer	46	69.333	71.614	69.139	71.593	71.880	71.762	71.806	71.508
ROT	spectral dancer	49	72.240	75.447	72.591	75.167	75.355	75.321	75.285	75.016
ROT	spectral dancer	52	75.291	79.559	76.274	78.978	79.051	79.107	78.984	78.747
ROT	spectral dancer	55	78.484	110.248	103.013	103.013	97.452	99.033	98.525	98.223
ROT	spectral dancer	58	81.821	118.730	109.997	109.997	103.716	105.466	104.828	104.464
ROT	spectral dancer	60	84.142	124.619	114.849	114.849	108.067	109.935	109.206	108.799
ROT	spectral dancer	61	90.348	131.491	116.040	117.327	115.114	116.967	115.114	115.074
ROT	spectral dancer	62	92.238	137.190	120.433	121.610	119.191	121.167	119.191	119.108
ROT	spectral dancer	64	94.683	143.570	125.454	126.534	123.913	126.020	123.913	123.790
ROT	spectral dancer	66	97.163	149.942	130.481	131.472	128.649	130.885	128.649	128.485
ROT	spectral dancer	68	99.678	156.498	135.642	136.532	133.503	135.873	133.503	133.297
ROT	spectral dancer	70	102.158	163.023	140.771	141.566	138.323	140.827	138.323	138.074
ROT	spectral dancer	72	104.673	169.617	145.957	146.651	143.198	145.838	143.198	142.906
ROT	spectral dancer	74	107.188	176.097	151.067	151.667	148.010	150.782	148.010	147.677
ROT	spectral dancer	76	108.156	176.953	151.942	152.586	148.953	151.729	148.953	148.626
ROT	spectral dancer	78	109.125	177.809	152.817	153.506	149.895	152.677	149.895	149.576
ROT	spectral dancer	80	110.093	178.666	153.692	154.425	150.838	153.625	150.838	150.525
ROT	spectral master	1	0.000	6.427	4.629	5.701	5.401	5.208	5.401	5.476
ROT	spectral master	7	0.000	14.811	14.580	15.483	15.412	15.916	15.478	15.740
ROT	spectral master	14	0.000	23.023	24.598	26.143	25.814	25.948	26.522	26.446
ROT	spectral master	20	0.000	109.624	106.937	107.571	109.776	109.987	109.686	109.179
ROT	spectral master	25	0.000	139.024	133.938	138.459	138.105	139.448	138.271	137.188
ROT	spectral master	30	0.000	190.684	181.180	178.184	178.722	175.303	177.508	178.384
ROT	spectral master	35	0.000	237.755	221.530	214.623	216.730	215.390	214.130	215.817
ROT	spectral master	40	0.000	347.548	323.830	314.021	310.297	314.249	310.676	312.537
ROT	spectral master	44	0.000	357.429	333.038	322.980	319.140	323.214	319.540	321.469
ROT	spectral master	48	0.000	367.610	347.348	353.137	348.956	348.313	348.635	349.760
ROT	spectral master	52	0.000	349.151	349.151	349.151	349.151	349.151	349.151	349.151
ROT	spectral master	56	0.000	438.676	422.322	415.588	409.175	409.816	414.947	411.259
ROT	spectral master	58	0.000	446.019	429.391	422.545	416.024	416.676	421.892	418.143
ROT	spectral master	60	0.000	453.394	436.492	429.532	422.903	423.566	428.869	425.057
ROT	spectral master	61	0.000	529.962	498.559	507.880	505.836	509.107	505.427	503.587
ROT	spectral master	62	0.000	534.102	502.499	511.848	509.787	513.084	509.375	507.521
ROT	spectral master	64	0.000	540.902	508.944	518.364	516.278	519.617	515.860	513.982
ROT	spectral master	66	0.000	547.685	515.376	524.865	522.752	526.133	522.329	520.428
ROT	spectral master	68	0.000	554.509	521.852	531.404	529.265	532.688	528.837	526.912
ROT	spectral master	70	0.000	561.316	528.300	537.928	535.762	539.227	535.329	533.380
ROT	spectral master	72	0.000	568.079	534.714	544.409	542.217	545.724	541.779	539.806
ROT	spectral master	74	0.000	574.854	541.138	550.902	548.684	552.232	548.240	546.244
ROT	spectral master	76	0.000	622.102	570.260	570.260	556.819	557.299	565.460	563.780
ROT	spectral master	77	0.000	625.566	573.435	573.435	559.920	560.402	568.608	566.919
ROT	spectral master	78	0.000	629.031	576.612	576.612	563.022	563.507	571.758	570.059
ROT	spectral master	80	0.000	635.967	582.970	582.970	569.230	569.721	578.063	576.345
ROT	storm screamer	1	0.000	6.427	4.629	5.701	5.401	5.208	5.401	5.476
ROT	storm screamer	7	0.000	14.811	14.580	15.483	15.412	15.916	15.478	15.740
ROT	storm screamer	14	0.000	23.023	24.598	26.143	25.814	25.948	26.522	26.446
ROT	storm screamer	20	0.000	109.624	106.937	107.571	109.776	109.987	109.686	109.179
ROT	storm screamer	25	0.000	139.024	133.938	138.459	138.105	139.448	138.271	137.188
ROT	storm screamer	30	0.000	190.684	181.180	178.184	178.722	175.303	177.508	178.384
ROT	storm screamer	35	0.000	237.755	221.530	214.623	216.730	215.390	214.130	215.817
ROT	storm screamer	40	0.000	339.338	346.635	353.933	351.500	353.933	359.406	357.126
ROT	storm screamer	44	0.000	408.089	400.583	396.831	402.772	396.831	402.460	401.053
ROT	storm screamer	48	0.000	442.869	439.974	438.527	444.155	438.527	444.316	442.869
ROT	storm screamer	52	0.000	502.166	517.975	518.905	517.975	517.975	524.485	520.184
ROT	storm screamer	56	0.000	554.117	582.978	565.661	584.902	584.421	590.674	589.471
ROT	storm screamer	58	0.000	701.307	634.795	648.978	652.727	645.799	646.858	650.200
ROT	storm screamer	60	0.000	721.852	663.189	674.623	678.434	672.137	671.972	675.866
ROT	storm screamer	61	0.000	845.216	830.853	829.196	820.173	829.196	822.566	824.638
ROT	storm screamer	62	0.000	893.506	874.543	866.177	856.323	866.177	861.529	863.249
ROT	storm screamer	64	0.000	927.853	908.593	896.698	889.711	897.547	896.509	895.848
ROT	storm screamer	66	0.000	986.905	961.600	947.797	943.579	947.509	947.030	947.509
ROT	storm screamer	68	0.000	1429.175	1169.962	1085.309	1041.133	1041.815	1019.532	1013.792
ROT	storm screamer	70	0.000	1461.014	1457.459	1212.180	1154.513	1131.605	1100.797	1079.320
ROT	storm screamer	72	0.000	2023.086	1841.574	1462.320	1335.902	1259.470	1200.669	1171.268
ROT	storm screamer	74	0.000	2066.558	1884.896	1508.770	1383.395	1307.601	1249.282	1220.123
ROT	storm screamer	76	0.000	2225.087	2029.489	1624.510	1489.517	1407.909	1345.116	1313.720
ROT	storm screamer	77	0.000	2237.253	2040.586	1633.393	1497.662	1415.607	1352.471	1320.903
ROT	storm screamer	78	0.000	2279.727	2079.326	1664.402	1526.094	1442.482	1378.147	1345.980
ROT	storm screamer	80	0.000	2304.492	2101.914	1682.483	1542.673	1458.152	1393.119	1360.602
ROT	sword muse	5	16.511	16.511	16.047	16.694	16.710	16.694	16.694	16.735
ROT	sword muse	10	17.922	18.153	17.303	17.816	18.070	17.878	17.999	18.060
ROT	sword muse	15	19.052	20.099	18.661	19.016	19.565	19.339	19.446	19.499
ROT	sword muse	20	41.220	41.220	42.672	42.672	42.672	42.767	43.041	43.177
ROT	sword muse	24	43.090	43.090	44.741	44.741	44.741	44.776	45.063	45.206
ROT	sword muse	28	45.122	45.122	46.990	46.990	46.990	46.990	47.261	47.411
ROT	sword muse	32	47.349	47.349	49.454	49.454	49.454	49.454	49.669	49.828
ROT	sword muse	36	49.738	49.738	52.098	52.098	52.098	52.098	52.254	52.421
ROT	sword muse	40	87.209	87.209	94.477	94.477	94.477	94.477	94.477	94.477
ROT	sword muse	43	90.285	90.285	97.808	97.808	97.808	97.808	97.808	97.808
ROT	sword muse	46	93.537	93.537	101.332	101.332	101.332	101.332	101.332	101.332
ROT	sword muse	49	96.966	96.966	105.047	105.047	105.047	105.047	105.047	105.047
ROT	sword muse	52	100.538	100.538	108.916	108.916	108.916	108.916	108.916	108.916
ROT	sword muse	55	109.255	109.255	112.938	112.938	113.494	112.938	113.494	113.564
ROT	sword muse	58	112.973	112.973	117.114	117.114	117.655	117.114	117.655	117.722
ROT	sword muse	60	117.633	117.633	120.000	120.000	120.763	120.000	120.763	120.858
ROT	sword muse	61	128.519	128.519	124.185	128.185	129.519	129.644	130.491	130.457
ROT	sword muse	62	130.554	130.554	126.574	130.371	131.738	131.885	132.747	132.689
ROT	sword muse	64	134.734	134.734	129.719	133.583	134.917	134.940	135.822	135.907
ROT	sword muse	66	137.542	137.542	132.912	136.597	137.978	138.032	138.935	138.986
ROT	sword muse	68	142.248	142.702	136.140	140.035	141.333	141.162	142.085	142.393
ROT	sword muse	70	145.364	145.510	139.333	143.050	144.394	144.255	145.197	145.472
ROT	sword muse	72	148.518	150.252	142.561	146.417	147.703	147.384	148.348	148.827
ROT	sword muse	74	151.672	153.095	145.788	149.469	150.801	150.514	151.498	151.943
ROT	sword muse	76	244.703	244.703	239.953	248.248	251.119	251.921	253.568	252.871
ROT	sword muse	78	247.135	247.135	242.447	250.864	253.775	254.605	256.269	255.543
ROT	sword muse	80	249.567	249.567	244.942	253.479	256.431	257.289	258.971	258.215
ROT	titan	5	12.825	12.825	13.882	13.744	13.775	13.675	13.875	13.808
ROT	titan	10	14.270	14.270	15.227	14.992	14.913	14.874	15.073	14.994
ROT	titan	15	15.750	16.019	16.775	16.391	16.263	16.199	16.389	16.294
ROT	titan	20	46.962	46.962	49.693	49.471	49.225	49.101	49.162	49.507
ROT	titan	24	51.087	51.087	53.724	53.261	52.943	52.784	52.890	53.175
ROT	titan	28	55.672	55.872	58.330	57.564	57.153	56.948	57.097	57.313
ROT	titan	32	59.828	61.583	63.777	62.631	62.104	61.840	62.035	62.169
ROT	titan	36	64.553	68.333	70.141	68.519	67.846	67.510	67.749	67.785
ROT	titan	40	128.923	140.812	141.346	139.015	137.429	136.637	135.844	137.007
ROT	titan	43	135.028	150.698	150.380	147.207	145.368	144.448	143.528	144.701
ROT	titan	46	141.558	161.529	160.214	156.098	153.972	152.909	151.847	153.028
ROT	titan	49	148.512	173.380	170.898	165.724	163.276	162.053	160.829	162.013
ROT	titan	52	155.951	186.260	182.463	176.123	173.320	171.918	170.618	171.702
ROT	titan	55	163.815	200.085	194.827	187.220	184.030	182.434	181.188	182.023
ROT	titan	58	172.103	214.854	207.990	199.015	195.405	193.600	192.405	192.974
ROT	titan	60	177.831	341.618	257.741	255.523	236.105	238.180	232.202	232.956
ROT	titan	61	178.693	342.050	258.447	256.277	236.874	238.971	232.974	233.735
ROT	titan	62	183.679	365.374	271.443	268.559	247.263	249.737	243.056	243.815
ROT	titan	64	189.650	389.799	285.510	281.934	258.707	261.590	254.186	254.950
ROT	titan	66	195.680	414.748	299.829	295.546	270.339	273.640	265.499	266.267
ROT	titan	68	201.833	440.062	314.386	309.385	282.173	285.896	277.007	277.780
ROT	titan	70	207.985	465.528	329.008	323.280	294.049	298.197	288.555	289.333
ROT	titan	72	214.137	490.994	343.629	337.175	305.925	310.498	300.104	300.887
ROT	titan	74	220.228	516.202	358.099	350.929	317.679	322.674	311.534	312.321
ROT	titan	76	336.582	574.146	474.553	455.589	427.970	430.133	430.709	423.764
ROT	titan	77	338.138	671.196	567.852	549.645	530.125	528.292	523.865	518.122
ROT	titan	78	364.006	687.029	593.051	575.448	555.697	553.871	549.805	544.292
ROT	titan	80	367.119	688.934	596.083	578.553	558.774	556.949	552.926	547.441
#ROTCLASS	classId	line
ROTCLASS	0	dreadnought
ROTCLASS	1	dreadnought
ROTCLASS	2	duelist
ROTCLASS	3	dreadnought
ROTCLASS	4	hell knight
ROTCLASS	5	phoenix knight
ROTCLASS	6	hell knight
ROTCLASS	7	sagittarius
ROTCLASS	9	sagittarius
ROTCLASS	10	arcana lord
ROTCLASS	11	arcana lord
ROTCLASS	12	archmage
ROTCLASS	13	soultaker
ROTCLASS	14	arcana lord
ROTCLASS	15	cardinal
ROTCLASS	16	cardinal
ROTCLASS	17	hierophant
ROTCLASS	18	eva's templar
ROTCLASS	19	eva's templar
ROTCLASS	20	eva's templar
ROTCLASS	21	sword muse
ROTCLASS	22	moonlight sentinel
ROTCLASS	24	moonlight sentinel
ROTCLASS	25	elemental master
ROTCLASS	26	elemental master
ROTCLASS	27	mystic muse
ROTCLASS	28	elemental master
ROTCLASS	29	eva's saint
ROTCLASS	30	eva's saint
ROTCLASS	31	ghost sentinel
ROTCLASS	32	shillien templar
ROTCLASS	33	shillien templar
ROTCLASS	34	spectral dancer
ROTCLASS	35	ghost sentinel
ROTCLASS	37	ghost sentinel
ROTCLASS	38	shillien saint
ROTCLASS	39	spectral master
ROTCLASS	40	storm screamer
ROTCLASS	41	spectral master
ROTCLASS	42	shillien saint
ROTCLASS	43	shillien saint
ROTCLASS	44	grand khavatari
ROTCLASS	45	titan
ROTCLASS	46	titan
ROTCLASS	47	grand khavatari
ROTCLASS	48	grand khavatari
ROTCLASS	49	dominator
ROTCLASS	50	dominator
ROTCLASS	51	dominator
ROTCLASS	52	doom cryer
ROTCLASS	53	fortune seeker
ROTCLASS	54	fortune seeker
ROTCLASS	55	fortune seeker
ROTCLASS	56	maestro
ROTCLASS	57	maestro
ROTCLASS	88	duelist
ROTCLASS	89	dreadnought
ROTCLASS	90	phoenix knight
ROTCLASS	91	hell knight
ROTCLASS	92	sagittarius
ROTCLASS	94	archmage
ROTCLASS	95	soultaker
ROTCLASS	96	arcana lord
ROTCLASS	97	cardinal
ROTCLASS	98	hierophant
ROTCLASS	99	eva's templar
ROTCLASS	100	sword muse
ROTCLASS	102	moonlight sentinel
ROTCLASS	103	mystic muse
ROTCLASS	104	elemental master
ROTCLASS	105	eva's saint
ROTCLASS	106	shillien templar
ROTCLASS	107	spectral dancer
ROTCLASS	109	ghost sentinel
ROTCLASS	110	storm screamer
ROTCLASS	111	spectral master
ROTCLASS	112	shillien saint
ROTCLASS	113	titan
ROTCLASS	114	grand khavatari
ROTCLASS	115	dominator
ROTCLASS	116	doom cryer
ROTCLASS	117	fortune seeker
ROTCLASS	118	maestro
