zone,min_level,max_level,starter_race,monster_types,spawn_count,mob_level_min,mob_level_avg,mob_level_max,hp,p_def,m_def,p_atk,m_atk,atk_speed,crit,accuracy,exp,sp,aggressive_pct,non_monster_pct,undead_pct,spots,respawn_per_min
Dark Elf Village newbie grounds,1,10,DarkElf,7,57,1,3.4,7,64,48.8,32.5,10.8,7.4,253,3.6,5.3,121,3.7,0,0,0,6,228.0
Dwarven Village newbie grounds,1,10,Dwarf,11,65,1,4.3,9,76,50.5,33.6,11.9,8.1,253,3.4,5.6,152,4.8,0,0,0,8,198.5
Elven Village newbie grounds,1,10,Elf,13,357,1,5.6,11,94,53.0,35.3,13.4,9.2,253,3.8,5.2,199,6.3,7,0,0,8,1240.0
Orc Village newbie grounds,1,10,Orc,9,182,1,4.2,7,73,50.2,33.4,11.6,7.9,253,3.5,5.4,147,4.3,0,0,0,8,559.7
Talking Island newbie grounds,1,10,Human,15,207,1,3.9,10,72,49.8,33.2,11.5,7.8,253,3.4,5.6,138,4.3,1,0,0,8,526.7
Obelisk of Victory,6,12,,10,71,4,8.1,12,129,57.8,38.5,16.5,11.3,253,1.7,8.1,283,9.4,20,0,0,8,197.2
Elven Fortress,10,14,,4,17,10,10.8,13,177,63.6,42.3,20.7,14.2,253,4.9,3.6,325,11.4,71,0,24,8,14.4
Elven Forest,10,15,,6,62,8,12.4,15,205,67.3,44.9,23.9,16.3,253,4.0,4.8,440,16.7,40,0,0,8,244.3
"Talking Island, Western Territory (Northern Area)",11,15,,3,26,13,13.7,15,226,70.3,46.8,26.6,18.2,253,4.0,4.8,665,26.0,12,0,0,3,78.0
The Immortal Plateau,11,15,,3,11,12,13.1,14,216,68.9,45.9,25.3,17.3,253,5.1,3.5,535,20.7,0,0,0,1,31.8
Singing Waterfall,11,16,,5,19,11,13.7,17,227,70.5,46.9,26.9,18.4,253,4.0,4.8,547,21.5,32,0,0,2,57.0
Swampland,12,16,,6,57,13,13.5,16,223,70.0,46.6,26.3,17.9,253,4.0,4.8,610,23.7,5,0,61,8,213.8
Western Mining Zone (Central Shore),12,16,,7,29,12,14.5,17,240,72.4,48.2,28.6,19.6,253,4.4,4.3,518,20.6,31,0,0,6,87.0
Abandoned Coal Mines,12,17,,14,53,10,14.4,19,238,72.2,48.1,28.7,19.6,253,5.0,3.6,470,18.9,23,0,19,8,93.5
Frozen Waterfall,13,17,,7,25,13,15.0,17,248,73.6,49.0,29.8,20.3,253,4.5,4.2,569,23.0,28,0,0,2,74.6
Fellmere Harvesting Grounds,14,18,,9,47,14,15.7,19,261,75.5,50.2,31.7,21.6,253,4.0,4.9,571,23.2,19,0,2,8,112.6
Spider Nest,17,20,,4,73,16,17.5,18,292,80.0,53.3,36.4,24.8,253,4.0,4.8,676,29.2,32,0,0,8,219.0
Eastern Mining Zone (Northeastern Shore),17,21,,6,39,18,19.6,23,335,85.8,57.1,43.2,29.5,253,2.6,6.7,708,32.1,36,0,0,5,117.0
Windmill Hill,17,21,,5,52,15,17.3,19,289,79.6,53.0,36.0,24.6,253,4.0,4.8,654,28.1,63,0,0,8,151.9
Ruins of Agony,17,22,,7,12,16,19.5,22,333,85.6,57.0,42.9,29.3,253,6.0,2.4,739,33.0,42,0,75,8,26.9
Abandoned Camp,17,23,,9,58,15,20.1,25,348,87.4,59.0,45.6,31.1,253,5.2,3.3,664,30.8,17,0,0,8,116.4
Ruins of Despair,18,23,,9,37,16,20.2,23,349,87.6,58.3,45.4,31.0,253,3.7,5.2,914,41.9,38,0,59,8,77.0
Langk Lizardman Dwellings,19,24,,7,50,17,20.9,25,365,89.7,59.7,48.3,33.0,253,3.8,5.0,783,36.5,50,0,0,8,150.0
"The Immortal Plateau, Southern Region",19,24,,7,30,18,21.7,25,383,92.0,61.3,51.4,35.1,253,2.6,6.7,871,41.1,53,0,0,4,120.0
Mithril Mines,20,25,,9,105,19,21.8,27,384,92.1,61.4,51.3,35.1,253,3.5,5.4,706,33.2,83,0,18,8,157.5
Windawood Manor,21,25,,5,41,22,22.7,25,403,94.6,63.0,54.5,37.2,253,4.6,4.1,864,41.4,2,0,0,8,87.0
Plains of Dion,23,27,,4,55,24,25.1,27,464,102.2,68.1,65.5,44.7,253,4.0,4.8,1011,50.4,65,0,0,2,118.7
Orc Barracks,24,30,,8,71,24,27.0,30,517,108.4,72.2,75.5,51.5,253,4.6,4.1,2121,109.3,23,0,0,8,71.0
Forgotten Temple,26,30,,6,25,27,27.7,30,535,110.6,73.6,78.8,53.8,253,5.0,3.6,1970,101.8,8,0,8,8,18.9
Fortress of Resistance,26,31,,8,120,26,28.4,30,558,113.2,75.4,83.4,57.0,253,5.2,3.3,2100,111.5,27,0,0,8,116.8
Windy Hill,27,31,,4,62,27,28.5,30,559,113.4,75.5,83.7,57.1,253,1.4,8.5,1222,65.0,40,0,0,8,143.1
Crypts of Disgrace,28,33,,6,36,27,30.1,33,608,118.9,87.0,93.7,64.0,253,3.0,6.2,1338,73.2,22,0,100,8,36.0
The Ant Nest,28,35,,12,129,26,31.7,35,661,124.6,83.0,105.0,71.7,253,4.1,4.6,1461,82.2,26,0,3,8,148.1
Breka's Stronghold,29,35,,6,32,30,31.8,35,665,125.1,83.3,105.6,72.1,253,5.5,3.1,1712,96.7,16,0,0,4,58.0
Plunderous Plains,30,36,,7,30,30,33.1,37,708,129.7,94.9,115.1,78.6,253,4.5,4.3,1544,89.1,53,0,0,8,30.0
Bee Hive,35,39,,6,53,34,36.9,40,844,144.1,95.9,146.3,99.9,253,1.0,9.0,1092,67.4,49,0,0,3,99.4
Field of Whispers,35,39,,5,28,35,36.4,39,823,142.0,94.5,141.3,96.5,253,5.0,3.5,2527,154.2,43,0,25,2,56.0
Plains of the Lizardmen,35,40,,8,42,35,37.1,40,853,145.0,96.6,148.6,101.5,253,4.6,4.1,2494,154.3,45,0,0,5,81.6
Cruma Tower,35,45,,15,111,33,42.0,47,2058,215.3,131.9,210.9,128.1,253,3.7,5.2,3940,265.3,46,0,0,8,181.1
Field of Silence,36,40,,14,78,35,37.1,40,850,144.7,96.4,147.8,100.9,253,4.9,3.9,1191,73.3,38,0,0,6,187.2
Alligator Island,39,43,,2,49,40,40.5,41,988,158.7,105.6,181.8,124.2,253,4.0,4.8,3789,246.4,100,0,0,3,53.2
Sea of Spores,40,44,,4,33,40,41.2,43,1016,161.5,107.5,189.3,129.3,253,4.0,4.8,2472,162.6,27,0,0,5,73.3
Ivory Tower,41,46,,7,92,40,42.3,45,1067,166.4,111.7,202.9,138.5,253,4.0,4.8,2926,196.2,32,0,12,8,207.0
Devil's Isle,43,48,,13,176,43,44.7,48,1172,176.7,117.6,232.0,158.4,253,4.6,4.3,5667,393.2,60,0,85,8,139.2
Den of Evil,44,50,,7,49,42,46.3,49,1244,183.5,134.3,252.7,172.6,253,6.3,2.0,1963,139.7,14,0,0,8,49.0
Tanor Canyon,46,51,,3,23,46,48.0,50,1325,191.2,127.3,276.5,188.8,253,1.0,9.0,2621,192.0,83,0,0,2,30.7
"Enchanted Valley, Southern Region",47,52,,5,12,45,48.3,50,1341,192.7,128.3,281.2,192.0,253,4.0,4.8,8179,599.8,33,0,0,2,9.0
Pavel Ruins,48,52,,7,49,47,49.4,52,1394,197.7,144.7,297.4,203.1,253,2.9,6.3,3672,273.5,100,0,0,8,49.0
Outlaw Forest,50,56,,6,64,50,52.9,55,1568,213.9,156.5,353.0,241.1,253,3.3,5.7,5309,418.9,31,0,0,8,94.1
Forest of Mirrors,50,60,,9,61,48,58.6,62,1863,241.2,160.6,458.4,313.1,253,3.0,6.3,14740,1276.4,36,0,20,8,50.0
Hardin's Private Academy,52,56,,5,20,52,54.1,56,1627,219.4,148.1,372.8,254.6,253,4.0,4.8,4518,360.2,20,0,0,6,32.8
Forsaken Plains,54,59,,8,34,54,55.9,60,1717,227.7,151.6,403.9,275.8,253,3.5,5.5,5069,416.8,44,0,0,8,75.6
Silent Valley,55,61,,11,50,54,57.1,60,1780,233.5,155.5,426.0,290.9,253,1.8,8.0,6929,577.5,54,0,0,8,73.5
Seal of Shilen,55,63,,9,111,54,58.1,65,1837,238.8,158.1,448.7,306.4,253,4.0,4.8,5413,461.9,93,0,21,8,227.9
Skyshadow Meadow,56,61,,2,26,57,58.4,60,1849,239.9,159.7,450.6,307.7,253,1.0,9.0,4437,376.4,100,0,0,4,47.3
Fields of Massacre,58,70,,12,130,56,62.0,72,2034,257.2,171.9,522.6,356.9,253,3.9,5.0,8278,763.5,55,0,62,8,99.9
Valley of Saints,60,64,,5,27,60,61.0,62,1987,252.7,168.2,501.9,342.7,253,3.0,6.2,8018,706.6,56,0,0,5,33.8
Forest of the Dead,62,68,,30,273,63,65.9,70,2238,276.1,183.7,601.7,410.9,253,4.3,4.4,7086,674.5,40,0,56,8,324.9
Tower of Insolence,64,73,,34,298,62,68.4,75,2359,287.9,191.7,654.4,446.9,253,3.2,6.1,20284,1976.8,100,0,20,8,88.2
Swamp of Screams,66,70,,5,61,66,67.8,70,2336,285.4,208.8,642.1,438.4,253,4.0,5.0,9019,870.7,92,0,0,8,87.1
Wall of Argos,67,71,,2,9,68,68.4,69,2368,288.5,192.1,655.7,447.7,253,4.0,4.8,14158,1375.6,44,0,0,3,9.8
Blazing Swamp,70,75,,9,55,68,72.6,75,2566,308.0,205.1,743.7,507.9,253,3.8,5.2,9287,953.3,33,0,16,7,71.3
Hot Springs,72,76,,6,35,73,74.2,76,2642,315.7,210.2,778.5,531.6,253,3.1,6.0,19053,1992.4,29,0,0,5,30.0
Ketra Orc Outpost,72,80,,5,38,80,80.0,80,3035,366.7,252.4,979.2,693.3,253,4.3,1.2,21982,2685.5,100,0,0,1,19.2
Varka Silenos Stronghold,76,80,,11,132,77,77.7,80,2901,329.9,241.4,869.3,593.6,253,4.2,4.0,19144,2113.2,100,0,0,8,72.9
Monastery of Silence,78,80,,3,15,80,80.0,80,2989,357.3,261.5,947.7,665.1,253,1.2,4.2,37833,4539.2,100,0,0,7,15.0
